အင်္ဂလိပ်,Myanmar,REMARK
-,- ,
-A-,(ခ) ,
.,,
(AKA),(ခ) ,
@,(ခ) ,
0,၀,
1,၁,
2,၂,
3,၃,
4,၄,
5,၅,
6,၆,
7,၇,
8,၈,
9,၉,
A,အေ,
AA,အေ,
AAE,အဲ့,mmaws
AAIB,အေအေအိုင်ဘီ,
AAJALARSEN,အာဂျာလားဆန်း,
AAJIS,အဂျစ်,
AAKARI,ဧကရီ,
AAL,အဲလ်,mmaws
AALIYAH,အေးလီယက်,
AAM,အမ်,
AAMIR,အာမီရာ,
AAN,အဲန်း,mmaws
AANANDKUMAR,အေနတ်ကူးမား,
AANT,အံ့,mmaws
AARON,အေရွန်,
AARONSOHN,အေရွန်ဆွန်း,
ABADU,အဗဒူ,
ABADUPARTAUNG,အဘဒူပါတောင်,
ABAN,အဘန်း,
ABBESHALL,အဘတ်ရှယ်လ်,
ABDOOL,အက်ဒူး,
ABDUL,အဒူ,
ABDULAR,အဒူလာ,
ABDULJAPAR,အဒူလာဂျပါး,
ABDURRAHIM,အဘူဒရာဟင်,
ABEAL,အေဘယ်လ်,
ABEL,အေဘယ်လ်,
ABELSAI,အေဘယ်လ်စိုင်း,
ABHINAV,အဘီနပ်,
ABI,အဘီ,
ABLE,အေဘယ်လ်,
ABU,အဘူ,
ABULAR,အဒူလာ,
ACCHARIYA,အက်ချာရိယ,
ACHALAR,အက််ချာလာ,
ACHARIYA,အက်ချာရိယ,
ACINNA,အဆင်နာ,
ADAM,အဒမ်,
ADDY,အက်ဒီ,
ADIN,အက်ဒင်,
ADU,အဒူ,
AE,အဲလ်,
AE`,အေး,
AEA,အ,
AEH,အဲမ်,mmaws
AEI,အေး,
AEIK,အိုက်,
AEIN,အိမ်,
AEINDA,အိန္ဒြာ,
AEINDAKA,ဣန္ဒက,
AEINDAR,အိန္တာ,mmaws
AEINDRA,အိန္ဒြာ,
AEINDRAY,အိန္ဒြေ,
AEINDU,အိန္ဓု,mmaws
AEINDYA,အိန္ဒြ,mmaws
AEINKHA,အိင်္ခ,mmaws
AEINMAR,အိန္မာ,mmaws
AEINN,အိဏ်း,mmaws
AEINNI,အိန္နီ,mmaws
AEINT,အိမ့်,
AEINVAR,အိမ္ဗာ,mmaws
AEL,အဲ,
AENT,အံ့,
AET,အက်,
AFZAL,အက်ဖ်ဇဲလ်,
AG,အောင်,
AGA,အဂ္ဂ,
AGD,အေဂျီဒီ,
AGGA,အဂ္ဂ,
AGGADHAMMA,အဂ္ဂဓမ္မ,
AGGAR,အဂ္ဂါ,
AGOSTINO,အဂို့စ်တီနို,
AH,အ,
AHAI,အိုင်း,Byee-Thara
AHAIK,အိုက်,Byee-Thara
AHAIKE,အိုက်,Byee-Thara
AHAIN,အိန်,Byee-Thara
AHAINE,အိုင်,Byee-Thara
AHAING,အိုင်,Byee-Thara
AHAINMAR,အဟိမ္မာ,
AHAM,အမ်,Byee-Thara
AHAN,အန်,Byee-Thara
AHANN,အန်း,Byee-Thara
AHANT,အန့်,Byee-Thara
AHAR,အာ,Byee-Thara
AHAT,အက်,Byee-Thara
AHAUK,အောက်,Byee-Thara
AHAW,အော,Byee-Thara
AHAY,အေ,Byee-Thara
AHCHAN,အားချန်,
AHCHIT,အချစ်,
AHE,အီ,Byee-Thara
AHE`,အဟဲ,
AHEE,အီး,Byee-Thara
AHEIK,အိတ်,Byee-Thara
AHEIN,အိန်း,Byee-Thara
AHEINT,အိမ့်,Byee-Thara
AHET,အက်,Byee-Thara
AHGA,အဂ္ဂ,
AHI,အိ,Byee-Thara
AHIK,အိုက်,
AHIKE,အိုက်,
AHIN,အင်,Byee-Thara
AHINE,အိုင်,Byee-Thara
AHINN,အင်း,Byee-Thara
AHINT,အင့်,Byee-Thara
AHIT,အစ်,Byee-Thara
AHJAE,အဂျေး,
AHJAY,အဂျေး,
AHJE,အဂျေး,
AHKAR,အာကာ,
AHKHA,အက္ခ,mmaws
AHLAING,အှိုင်,Byee-Thara
AHLAN,အလန်,
AHLAY,အလေး,
AHMAN,အမန်,
AHMAR,အမာ,
AHMED,အာမက်,
AHMEE,အာမီး,
AHNAN,အနန်း,
AHNAP,အာနက်,
AHNAR,အာနား,
AHNARWAR,အဏ္ဏဝါ,
AHNEE,အနီး,
AHNI,အနီ,
AHNIL,အနီး,
AHNT,အံ့,
AHO,အို,Byee-Thara
AHOE,အိုး,Byee-Thara
AHOH,အို့,Byee-Thara
AHOHT,အို့,Byee-Thara
AHOKE,အုတ်,Byee-Thara
AHON,အွန်,Byee-Thara
AHONE,အုန်,Byee-Thara
AHONT,အွန့်,Byee-Thara
AHOO,အူး,Byee-Thara
AHPUNG,အားဖောင်,
AHPYU,အဖူး,
AHR,အာ,
AHRAY,အာရေး,
AHRSEINNA,အာစိန်န,
AHSAH,အာဆချ်,
AHSAR,အာဆာ,
AHSE,အက်ရှီ,
AHSI,အာစီ,
AHSIE,အာစီ,
AHSIT,အာဆစ်,
AHSOE,အာစိုး,
AHTA,အတာ,
AHTAR,အတာ,
AHTER,အတာ,
AHTHWE,အသွယ်,
AHU,အု,Byee-Thara
AHUN,အွန်,Byee-Thara
AHUNN,အွန်း,Byee-Thara
AHUU,အူး,Byee-Thara
AHWA,အွ,Byee-Thara
AHWAN,အွမ်,Byee-Thara
AHWE,အွေ,Byee-Thara
AHY,အိုင်,Byee-Thara
AHYA,အ,Byee-Thara
AHYAR,အားယာ,
AHYAW,အြော်,Byee-Thara
AHYAWE,အွယ်,Byee-Thara
AHYAWT,အော့,Byee-Thara
AHYAY,အေ,Byee-Thara
AHYE,အေး,Byee-Thara
AHYO,အိုး,Byee-Thara
AHYU,အယု,Byee-Thara
AI,အား,
AIK,အိုက်,
AIKE,အိုက်,
AIMEE,အေမီ,
AIN,အိမ်,
AINDAKA,ဣန္ဒက,
AINDRA,အိန္ဒြာ,
AINDRAY,အိန္ဒြေ,
AINE,အိုင်း,mmaws
AINJIN,အင်ကြင်း,
AINT,အိမ့်,
AIR,အဲ,
AITE,အိုက််,
AJAY,အဂျေး,
AJIS,အဂျစ်,
AKAR,အာကာ,
AKARE,ဧကရီ,
AKARI,ဧကရီ,
AKARIT,ဧကရစ်,
AKARY,ဧကရီ,
AKAYI,ဧကရီ,
AKER,အာကာ,
AL,အယ်လ်,
ALDRIN,အယ်လ်ရင်း,
ALEX,အဲလက်စ်,
ALEXANDER,အဲလက်စ်ဇန်ဒါး,
ALI,အလီ,
ALL,အောလ်,mmaws
ALLEN,အဲလလန်,
ALOKA,အလောက,
AM,အမ်,
AMA,အမ္မ,mmaws
AMAR,အမာ,
AMARA,အမရာ,
AME,အေမီ,
AMEE,အေမီ,
AMEY,အေမီ,
AMI,အေမီ,
AMMY,အေမီ,
AMY,အေမီ,
AN,အဲင်န်,mmaws
ANANDA,အနန္တ,
ANDERSON,အန်ဒါဆင်,
ANDREW,အင်ဒရူ,
ANESY,အန်အီစီ,
ANG,အောင်,mmaws
ANGEL,အိန်ဂျယ်,
ANIL,အန်းနေးလ်,
ANK,အန့်,
ANM,အမ်,
ANN,အမ်း,အမ်း / အန်း
ANNA,အန်နာ,
ANNAWAH,အဏ္ဏဝါ,
ANNIE,အန်နီ,
ANT,အန့်,
ANTONY,အန်တိုနီ,
ANTT,အန့်,
AOM,အွမ်,
AON,အွန်,
AOUNG,အောင်း,
AOYAGI,အိုယဂီ,
APHYU,အဖြူ,
APP,အပ်,mmaws
APPA,အပ္ပ,mmaws
APRIAL,ဧပြီ,
APRIL,ဧပရယ်,
AR,အာ,
ARHKAR,အာကာ,
ARKA,အာကာ,
ARKAR,အာကာ,
ARKER,အာကာ,
ARL,လဲ,mmaws
ARN,အံ,mmaws
ARNAR,အာနား,
ARNT,အံ့,mmaws
ARR,အာ,
ASHAR,အက်ရှာ,
ASHIN,အရှင်,
ASHMORE,အက်ရှမော,
ASHOK,အဆော့,
ASIA,အာရှ,
ASOE,အာဆိုး,
ASTER,အက်စ်တာ,
ASTHER,အက်စတာ,
AT,အက်,
ATAR,အတာ,
AU,ဥ,
AUDAY,အော်ဒေး,
AULAR,အူလ္လာ,
AUN,အောင်,
AUND,အောင်,
AUNG,အောင်,
AUNNT,အံ့,
AUNT,အံ့,
AUREUM,အော်ယီရမ်,
AURORA,အော်ရိုရာ,
AUU,အူ,
AW,ဩ,
AWAM,အွမ်း,
AWAN,အွမ်,mmaws
AWE,အွယ်,
AWN,အွန်,mmaws
AWNG,အောင်,
AWW,ဩ,mmaws
AWWN,အောန်,mmaws
AY,အေ,
AYAM,အယမ်,
AYAR,ဧရာ,
AYE,အေး,
AYEYAR,ဧရာ,
AYI,ဧည့်,mmaws
AYME,အေမီ,
AZIZ,အဇစ်,
AZU,အဉ္ဇူ,mmaws
B,ဘီ,
BA,ဘ,
BABY,ဘေဘီ,
BADANTA,ဘဒ္ဒန္တ,
BAE,ဘဲ,
BAGAN,ပုဂံ,
BAHADOO,ဗဟာဒူး,
BAHADU,ဗဟာဒူး,
BAHAR,ဘဟာ,
BAHARDU,ဗဟာဒူး,
BAHON,ဗဟုန်း,
BAI,ပယ်,
BAIK,ဗိုက်,
BAIKE,ဗိုက်,
BAIN,ဘိမ်,
BAINE,ဘိုင်,Byee-Thara
BAING,ဘိုင်,Byee-Thara
BAK,ဘက်,mmaws
BAL,ပယ်,
BALA,ဗလ,
BALU,ဘလူ,
BALUE,ဘီလူး,
BAM,ဘမ်,Byee-Thara
BAN,ဗန်,ဗန် / ဘန်
BANE,ဘိန်း,
BANN,ဘန်း,Byee-Thara
BANT,ဘန့်,Byee-Thara
BANYA,ဗညား,
BANYAR,ဗညား,
BAO,ဘို,
BAR,ဘာ,
BARANI,ဘရဏီ,
BARBU,ဘာဘူ,
BARLAR,ဘာလာ,
BARTHA,ဘာသ,
BASANTI,ဘစန်တီ,
BAT,ဘက်,Byee-Thara
BATHA,ဘသ,
BATT,ဘတ်,
BAUER,ဘားဝါ,
BAUK,ဘေါက်,Byee-Thara
BAUNK,ဘောက်,
BAW,ဘော,
BAWI,ဘဝီ,
BAWK,ဘောက်,Nan OnePay
BAWM,ဘောမ်,
BAY,ဗေး,
BAYAN,ဗရမ်း,
BAYANG,ဘရမ်,
BAYAR,ဗေရာ,
BAYDAR,ဘေတာ,
BAYE,ဘေး,mmaws
BE,ဘီး,
BEAUTY,ဗြူးတီး,
BEE,ဘီး,Byee-Thara
BEI,ပယ်,
BEIK,ဘိတ်,Byee-Thara
BEIN,ဘိန်း,Byee-Thara
BEINT,ဘိမ့်,Byee-Thara
BEJAY,ဘီဂျေး,
BEL,ဘယ်လ်,
BELL,ဘဲလ်,
BENNY,ဘန်နီ,
BENOD,ဘီနော့,
BER,ဘာ,mmaws
BERESFORD,ဘီရီဖော့,
BERT,ဘတ်,
BET,ဘက်,Byee-Thara
BETH,ဘတ်,
BETRABET,ဘတ်ထရီးဘက်ထ်,
BETT,ဘက်,mmaws
BHAUNG,ဘောင်း,
BHOME,ဘုန်း,
BHON,ဘုန်း,
BHONE,ဘုန်း,
BHUVANESH,ဘူဘာနက်ချ်,
BHWAR,ဘွား,
BHWE,ဘွေး,
BI,ဘီ,
BIAK,ဘိတ်,
BIE,ဘီ,
BILLY,ဘေလီ,
BIN,ဗင်,
BINE,ဗိုင်း,
BINN,ဘင်း,Byee-Thara
BINNYA,ဗညား,
BINOD,ဘီနော့ဒ်,
BINODH,ဘီနော့ဒ်,
BINT,ဘင့်,Byee-Thara
BIT,ဘစ်,Byee-Thara
BITE,ဘိုက်,
BLAING,ဘှိုင်,Byee-Thara
BLU,ဘလု,
BO,ဘို,ဘို / ဗိုလ်
BOAN,ဘုံ,
BOE,ဘိုး,
BOH,ဘို့,Byee-Thara
BOHT,ဘို့,Byee-Thara
BOI,ဘွိုင်,
BOKE,ဘုတ်,Byee-Thara
BOLAR,ဘိုလာ,
BOME,ဘိုမီ,
BON,ဘွန်,Byee-Thara
BONE,ဘုံ,
BONT,ဘွန့်,Byee-Thara
BOO,ဘူး,Byee-Thara
BOON,ဘွန်,
BORRILL,ဘိုရီးလ်,
BOSE,ဘို့စ်,
BOTE,ဘုတ်,
BOUT,ဘောက်,mmaws
BOY,ဘွိုင်,
BRAM,ဘရမ်,
BRAN,ဘရမ်,
BRANG,ဘရန်,
BRIGIC,ဘရီဂျစ်,
BROOKS,ဘရွတ်စ်,
BROWN,ဘရောင်း,
BRUCE,ဘရုစ်,
BRUN,ဘရမ်း,
BU,ဘူ,
BUDDHA,ဗုဒ္ဓ,
BUE,ဘူး,
BUN,ဘွန်,Byee-Thara
BUNDY,ဘန်ဒီ,
BUNN,ဘွန်း,Byee-Thara
BURNS,ဘန်း,
BUU,ဘူး,
BWA,ဘွား,
BWAL,ဘွယ်,mmaws
BWAN,ဘွမ်,
BWAR,ဘွား,
BWAY,ဘွဲ,
BWAYCHINTIGUL,ဘွေးချင်တီဂူလ်,
BWE,ဘွဲ,
BWEL,ဘွယ်,mmaws
BWET,ဘွဲ့,
BWINE,ဘွိုင်,
BY,ဘိုင်,
BYA,ဗျ,Byee-Thara
BYAM,ဗျန်,
BYAR,ဗျာ,
BYARL,ဗျာလ်,
BYAT,ဗျက်,mmaws
BYAW,ဗျော်,Byee-Thara
BYAWE,ဗွယ်,Byee-Thara
BYAWT,ဗျော့,Byee-Thara
BYAY,ဗြေ,Byee-Thara
BYE,ဗျေး,Byee-Thara
BYET,ဗျက်,mmaws
BYIN,ဘင်,
BYINE,ဗျိုင်း,
BYO,ဗျိုး,Byee-Thara
BYU,ဗျူ,Byee-Thara
C,စီ,mmaws
CA,က,
CAESAR,ဆည်းဆာ,
CAFE,ကဖီး,
CAMARA,ကာမရာ,
CAR,ကား,mmaws
CARD,ကတ်,
CARE,ကဲ,
CAROLINE,ကာရိုလိုင်း,
CARTER,ကာတာ,
CATHERINE,ကတ်သရင်း,
CATHY,ကေသီ,
CC,စီစီ,
CCI,စီ,mmaws
CEL,ခြယ်,mmaws
CELYN,စီလင်း,
CEM,ဇင်,mmaws
CENTER,စင်တာ,
CENTRE,စင်တာ,
CH,ခ,mmaws
CHA,ချ,mmaws
CHAE,ချဲ့,mmaws
CHAI,ချိုင်း,Byee-Thara
CHAIK,ချိုက်,Byee-Thara
CHAIKE,ချိုက်,Byee-Thara
CHAIL,ချယ်,
CHAIN,ချိန်,
CHAINE,ချိုင်,Byee-Thara
CHAING,ချိုင်,Byee-Thara
CHAINT,ချိမ့်,
CHAL,ချယ်,
CHAM,ချမ်,Byee-Thara
CHAN,ချမ်း,
CHANDAR,ချန်ဒါ,
CHANDI,ချန်ဒီ,
CHANDRA,ချန်ဒရာ,
CHANE,ချိန်း,mmaws
CHANG,ချမ်,
CHANGE,ချိန်,
CHANMYAEE,ချမ်းမြေ့,
CHANN,ချမ်း,
CHANNEL,ချန်နယ်,
CHANT,ချန့်,Byee-Thara
CHAR,ချာ,
CHARD,ချက်စ်,mmaws
CHARL,ချားလ်,mmaws
CHARM,ချမ်း,
CHATE,ချိတ်,mmaws
CHAUK,ချောက်,
CHAUNG,ချောင်,
CHAW,ချော,
CHAWE,ချော,
CHAY,ချေ,
CHE,ခြည်,
CHEE,ချီး,Byee-Thara
CHEERY,ချယ်ရီ,
CHEIK,ချိတ်,Byee-Thara
CHEIN,ချိန်,
CHEINT,ချိမ့်,
CHEL,ချယ်,
CHEN,ချန်,
CHENG,ချန်း,
CHER,ချယ်,mmaws
CHERRY,ချယ်ရီ,
CHERY,ချယ်ရီ,
CHET,ချက်,Byee-Thara
CHI,ခြည်,
CHIC,ချစ်,
CHICK,ချစ်,
CHIKAHIRO,ချီကဟီရို,
CHIKE,ချွိတ်,
CHIN,ချင်း,
CHINE,ချိုင်,Byee-Thara
CHING,ချင်း,
CHINGHTAWNG,ချင်းထွမ်,
CHINN,ချင်း,
CHINT,ချင့်,
CHIT,ချစ်,
CHLAING,ချှိုင်,Byee-Thara
CHO,ချို,
CHOE,ချိုး,Byee-Thara
CHOH,ချို့,Byee-Thara
CHOHT,ချို့,Byee-Thara
CHOKE,ချုတ်,Byee-Thara
CHON,ချုံ,
CHONE,ချုံး,
CHONT,ချွန့်,Byee-Thara
CHOO,ခြူး,
CHOON,ချွန်း,mmaws
CHOR,ချော,
CHOW,ချိုး,
CHREEY,ချယ်ရီ,
CHRISTIN,ခရစ်စတင်း,
CHRISTINE,ခရစ်စတင်း,
CHRISTO,ခရစ်စတို,
CHRISTOBEL,ခရစ်တိုဘဲလ်,
CHRISTOPHAR,ခရစ်စတိုဖာ,
CHRISTOPHER,ခရစ်စတိုဖာ,
CHU,ခြူး,
CHUE,ခြူး,
CHUN,ချွန်,
CHUNN,ချွန်း,Byee-Thara
CHUT,ချက်,
CHUU,ခြူး,
CHWA,ချွ,Byee-Thara
CHWAM,ချွမ်,
CHWAN,ချွမ်,Byee-Thara
CHWAY,ခြွေ,mmaws
CHWE,ခွေ,Byee-Thara
CHWIN,ချွမ်,Nan OnePay
CHWUT,ချွတ်,
CHY,ချိုင်,Byee-Thara
CHYA,ချ,Byee-Thara
CHYAW,ချော်,Byee-Thara
CHYAWE,ချွယ်,Byee-Thara
CHYAWT,ချော့,Byee-Thara
CHYAY,ချေ,Byee-Thara
CHYE,ချေး,Byee-Thara
CHYI,ခြည်,
CHYO,ချိုး,Byee-Thara
CHYU,ချူ,Byee-Thara
CHYUN,ချွန်း,
CI,စီ,
CIIN,စင်,
CIN,ကျင်,
CINDY,စင်ဒီ,
CING,ကျိန်,
CISSY,စီဆီ,
CO,ကို,mmaws
COHEN,ကိုးဟန်,
COLN,ကို,
CONG,ကျဲ,
CONNY,ကော်နီ,
COX,ကော့,
CRONIN,ခရိုနင်,
CRUZ,ကရုဇ်,
CUZA,ကူဇာ,
CYNTHIA,စင်သီယာ,
D,ဒီ,
DA,ဒ,
DA-R,ဒရာ,
DAE,ဒေ,
DAEIN,ဒိန်း,mmaws
DAEWI,ဒေဝီ,
DAGON,ဒဂုန်,
DAGU,တန်ခူး,
DAH,ဒါရ်,
DAHMMA,ဓမ္မာ,mmaws
DAI,ဒိုင်း,Byee-Thara
DAIK,ဒိုက်,Byee-Thara
DAIKE,ဒိုက်,Byee-Thara
DAILY,ဒေလီ,
DAIN,ဒိမ်,
DAINE,ဒိုင်,Byee-Thara
DAING,ဒိုင်,Byee-Thara
DAINT,ဒိမ့်,
DAISY,ဒေစီ,
DAIVE,ဒေဝီ,
DAKA,ဓက,
DAKE,ဒိတ်,
DALA,ဒလ,
DALE,ဒေးလ်,
DAM,ဒမ်,Byee-Thara
DAMA,ဓမ္မ,
DAME,ဒိမ်း,
DAN,ဒန်,
DANA,ဓန,
DANE,ဒိမ်း,
DANG,ဒန်း,
DANIEL,ဒယ်နရယ်,
DANN,ဒန်း,Byee-Thara
DANT,ဒန့်,Byee-Thara
DAR,ဒါ,
DARA,ဒြာ,
DARASA,ဒရဆာ,
DARLE,ဒါလီ,
DARLI,ဒါလီ,
DARLY,ဒါလီ,
DARN,ဒရမ်,
DASS,ဒက်စ်,
DAT,ဒက်,Byee-Thara
DATE,ဒိတ်,
DATHANA,ဒဿန,
DATT,ဒတ်,mmaws
DATTA,ဒတ္တ,
DAU,ဒေါန်,
DAUK,ဒေါက်,Byee-Thara
DAUN,ဒေါန်,
DAUNG,ဒေါင်း,
DAUNT,ဒေါင့်,mmaws
DAV,ဒက်ဗ်,
DAVE,ဒေ့ဗ်,mmaws
DAVID,ဒေးဗစ်,
DAVIS,ဒေးဗစ်,
DAW,ဒေါ်,
DAW.,ဒေါ်,
DAWEI,ထားဝယ်,
DAWI,ဒေဝီ,
DAWIE,ဒေဝီ,
DAWN,ဒေါန်း,
DAY,ဒေ,
DAYA,ဒေရာ,
DAYAL,ဒေးရယ်,
DAYAR,ဒေရာ,
DAYAW,ဒယော,
DAYS,ဒေး,
DAYWEI,ဒေဝီ,
DAYWI,ဒေဝီ,
DDI,တီ,
DDWE,ဒွေး,
DDY,တီ,
DE,ဒီ,
DECEMBER,ဒီဇင်ဘာ,
DEE,ဒီး,Byee-Thara
DEEP,ဒိ့,
DEIGHT,တိုက်,mmaws
DEIK,ဒိတ်,
DEIN,ဒိမ်,
DEINT,ဒိမ့်,
DEKEN,ဒီကန်,
DEL,ဒယ်လ်,mmaws
DELHI,ဒါလီ,
DENIAL,ဒန်နီရယ်,
DEOGHARKAR,ဒီဟတ်ကာ,
DEPAD,ဒီပက်ဒ်,
DEPAR,ဒီပါ,
DET,ဒက်,Byee-Thara
DEVENDRA,ဒီဗန္ဒြာ,
DEVI,ဒေဝီ,
DEWA,ဒီဝါ,
DEYO,ဒီယို,
DHA,ဓ,
DHAI,ဓိုင်း,Byee-Thara
DHAIK,ဓိုက်,Byee-Thara
DHAIKE,ဓိုက်,Byee-Thara
DHAIN,ဓိန်,Byee-Thara
DHAINE,ဓိုင်,Byee-Thara
DHAING,ဓိုင်,Byee-Thara
DHAM,ဓမ်,Byee-Thara
DHAMA,ဓမ္မ,
DHAMMA,ဓမ္မ,
DHAN,ဓန်,Byee-Thara
DHANN,ဓန်း,Byee-Thara
DHANT,ဓန့်,Byee-Thara
DHAR,ဓါ,Byee-Thara
DHAT,ဓါက်,Byee-Thara
DHAUK,ဓေါက်,Byee-Thara
DHAW,ဓေါ,Byee-Thara
DHAY,ဓေ,Byee-Thara
DHE,ဓီ,Byee-Thara
DHEE,ဓီး,Byee-Thara
DHEIK,ဓိတ်,Byee-Thara
DHEIN,ဓိန်း,Byee-Thara
DHEINT,ဓိမ့်,Byee-Thara
DHET,ဓက်,Byee-Thara
DHI,ဓိ,Byee-Thara
DHIN,ဓင်,Byee-Thara
DHINE,ဓိုင်,Byee-Thara
DHINN,ဓင်း,Byee-Thara
DHINT,ဓင့်,Byee-Thara
DHIT,ဓစ်,Byee-Thara
DHLAING,ဓှိုင်,Byee-Thara
DHO,ဓို,Byee-Thara
DHOE,ဓိုး,Byee-Thara
DHOH,ဓို့,Byee-Thara
DHOHT,ဓို့,Byee-Thara
DHOKE,ဓုတ်,Byee-Thara
DHON,ဓွန်,Byee-Thara
DHONE,ဓုန်,Byee-Thara
DHONT,ဓွန့်,Byee-Thara
DHOO,ဓူး,Byee-Thara
DHU,ဓု,Byee-Thara
DHUN,ဓွန်,Byee-Thara
DHUNN,ဓွန်း,Byee-Thara
DHUU,ဓူး,Byee-Thara
DHWA,ဓွ,Byee-Thara
DHWAN,ဓွမ်,Byee-Thara
DHWE,ဓွေ,Byee-Thara
DHY,ဓိုင်,Byee-Thara
DHYA,ဓျ,Byee-Thara
DHYAW,ဓော်,Byee-Thara
DHYAWE,ဓွယ်,Byee-Thara
DHYAWT,ဓော့,Byee-Thara
DHYAY,ဓေ,Byee-Thara
DHYE,ဓျေး,Byee-Thara
DHYO,ဓိုး,Byee-Thara
DHYU,ဓျူ,Byee-Thara
DI,ဒီ,
DIANA,ဒိုင်ယာနာ,
DIAZ,ဒီးယက်ဇ်,
DII,ဒီး,
DIKE,ဒိုက်,
DIL,ဒေးလ်,
DILARAM,ဒီလာရမ်,
DIM,ဒင်,
DIN,ဒင်,
DINE,ဒိုင်း,
DINESH,ဒင်းနစ်ချ်,
DING,ဒင်း,
DINN,ဒင်း,Byee-Thara
DINT,ဒင့်,
DISMUKE,ဒီစမူကီ,
DIT,ဒစ်,
DIZINBAR,ဒီဇင်ဘာ,
DLAING,ဒှိုင်,Byee-Thara
DO,ဒို,
DOE,ဒိုး,
DOH,ဂို့ထ်,
DOHT,ဒို့,Byee-Thara
DOI,ဒွယ်,
DOKE,ဒုတ်,Byee-Thara
DOL,ဒေါ်,mmaws
DOLLY,ဒေါလ်လီ,
DON,ဒွန်,
DONALD,ဒေါ်နယ်ဒ်,
DONE,ဒုန်,Byee-Thara
DONG,ဒေါင်,
DONT,ဒွန့်,Byee-Thara
DOO,ဒူး,Byee-Thara
DOON,ဒွန်း,
DOORNEKAMP,ဒိုးနီကမ့်,
DORAN,ဒိုရန်,
DORATHY,ဒိုရသီ,
DORIS,ဒိုရီစ်,
DOU,ဒိုး,
DOUK,တောက်,mmaws
DOUN,ဒွန်း,
DOVE,ဒို့ဗ်,mmaws
DR,ဒေါက်တာ,
DR.,ဒေါက်တာ,
DRA,ဒြာ,
DRAR,န္ဒြာ,
DRAY,န္ဒြေ,
DU,ဒု,ဒု / ဓု
DUE,ဒူး,
DUM,ဒွမ်,
DUN,ဒွန်း,
DUNN,ဒွန်း,
DUNNE,ဒွန်နီ,
DUP,ဒက်,
DUR,ဂျူ,
DURI,ဒူရီ,
DUT,သွတ်,Nan OnePay
DUU,ဒူး,
DUWA,ဒူးဝါး,
DUWON,ဓူဝံ,
DWA,ဒွ,Byee-Thara
DWAN,ဒွမ်,Byee-Thara
DWANT,ဒွန့်,
DWAP,ဒွပ်,
DWAT,ဒွတ်,
DWAY,ဒွေး,
DWE,ဒွေး,
DY,တီ,
DYA,ဒျ,Byee-Thara
DYAR,ဒရာ,
DYAW,ဒေါ်,Byee-Thara
DYAWE,ဒွယ်,Byee-Thara
DYAWT,ဒေါ့,Byee-Thara
DYAY,ဒေ,Byee-Thara
DYE,ဒေး,Byee-Thara
DYO,ဒိုး,Byee-Thara
DYU,ဒူ,Byee-Thara
E,အေး,
EAH,အဲလ်,
EAI,အိမ်,
EAIK,အိုက်,Byee-Thara
EAIKE,အိုက်,Byee-Thara
EAIN,အိမ်,
EAINDA,အိန္ထ,mmaws
EAINDAKA,ဣန္ဒက,
EAINDAR,အိန္တာ,mmaws
EAINDRA,အိန္ဒြာ,
EAINDRAY,ဣန္ဒြေ,
EAINDRI,ဣန္ဒြေ,
EAINDU,အိန္ဓု,mmaws
EAINDYA,အိန္ဒြ,mmaws
EAINE,အိုင်,Byee-Thara
EAING,အိုင်,Byee-Thara
EAINKHA,အိင်္ခ,mmaws
EAINMAR,အိန္မာ,mmaws
EAINN,အိန်း,
EAINNI,အိန္နီ,mmaws
EAINT,အိမ့်,
EAINVAR,အိမ္ဗာ,mmaws
EAM,အမ်,Byee-Thara
EAN,အန်,Byee-Thara
EANN,အန်း,Byee-Thara
EANT,အံ့,
EAR,အာ,Byee-Thara
EAT,အက်,Byee-Thara
EAUK,အောက်,Byee-Thara
EAW,အော,Byee-Thara
EAY,အေ,Byee-Thara
EDDIE,အက်ဒီ,
EDMOND,အက်မွန်,
EE,အီ,Byee-Thara
EEE,အီး,Byee-Thara
EEIK,အိတ်,Byee-Thara
EEIN,အိန်း,Byee-Thara
EEINT,အိမ့်,Byee-Thara
EET,အက်,Byee-Thara
EGUMAR,အီဂူးမား,
EH,အယ်,
EHDEENAR,အဒ္ဒီနာ,
EHDO,အဲဒို,
EHLAR,အဲလာ,
EI,အိ,
EIE,အီ,mmaws
EIENT,အိမ့်,
EIKE,အိုက်,
EIN,အင်,Byee-Thara
EINDAKA,ဣန္ဒက,
EINDRA,ဣန္ဒြာ,
EINDRAY,အိန္ဒြေ,
EINE,အိုင်,Byee-Thara
EING,အိုင်,
EINN,အင်း,Byee-Thara
EINT,အင့်,Byee-Thara
EINZALI,အဉ္ဇလီ,
EIPHYU,အိဖြူ,
EIT,အစ်,Byee-Thara
EIZALE,အဉ္ဇလီ,
EIZALI,အဉ္ဇလီ,
EIZZAR,အိဇ္ဇာ,mmaws
EL,အယ်လ်,
ELAING,အှိုင်,Byee-Thara
ELDIN,အဲလ်ဒင်,
ELI,အဲလီ,
ELIZABETH,အယ်လိဇဘက်,
ELSIE,အယ်လ်စီ,
ELTAR,အယ်လ်တာ,
EMERALD,အမ်မရာ,
EN,အင်,
ENG,အန်,
ENGINN,အင်ကြင်း,
ENGYIN,အင်ကြင်း,
ENT,ယန့်,mmaws
ENTERTAINMENT,အင်တာတိန်းမန့်,
ENZALI,အဉ္ဇလီ,
EO,အို,Byee-Thara
EOE,အိုး,Byee-Thara
EOH,အို့,Byee-Thara
EOHT,အို့,Byee-Thara
EOKE,အုတ်,Byee-Thara
EON,အွန်,Byee-Thara
EONE,အုန်,Byee-Thara
EONT,အွန့်,Byee-Thara
EOO,အူး,Byee-Thara
EPHAN,အီဖန်,
ESTER,အက်စတာ,
ESTHER,အက်စတာ,
EU,အူ,
EULAR,အူလ္လာ,
EUN,အွန်,Byee-Thara
EUNN,အွန်း,Byee-Thara
EUU,အူး,Byee-Thara
EW,ယူး,mmaws
EWA,အွ,Byee-Thara
EWAN,အွမ်,Byee-Thara
EWE,အွေ,Byee-Thara
EY,အိုင်,Byee-Thara
EYA,အီရ,Byee-Thara
EYAW,အြော်,Byee-Thara
EYAWE,အွယ်,Byee-Thara
EYAWT,အော့,Byee-Thara
EYAY,အေ,Byee-Thara
EYE,အေး,Byee-Thara
EYO,အိုး,Byee-Thara
EYU,အီယူ,Byee-Thara
F,ဖ,mmaws
FA,ဖ,Nan OnePay
FAMOUS,ဖေးမက်စ်,
FANG,ဖန်,
FAR,ဖာ,
FEIN,ဖိန်း,
FEL,ဖီး,
FHA,ဖ,Nan OnePay
FIVE,ဖိုက်,
FLORA,ဖလော်ရာ,
FLORENCE,ဖလော်ရန့်စ်,
FOE,ဖိုး,
FONG,ဖောင်,
FRANKIE,ဖရန်ကီ,
FRANKY,ဖရန်ကီ,
FREDDY,ဖရက်ဒီ,
FU,ဖူ,
FUL,ဖူ,
FULLER,ဖောလာ,
FUSAN,ဖူဆန်,
FUU,ဖူး,
G,ဂျီ,
GA,ဂ,
GADAE,ကုဋေ,
GAE,ဂဲလ်,
GAFAR,ဂါဖာ,
GAG,ဂဂ်,mmaws
GAGAR,ဂဂ္ဂါ,mmaws
GAGARR,ဂဂ္ဂါး,mmaws
GAI,ဂိုင်း,Byee-Thara
GAIK,ဂိုက်,Byee-Thara
GAIKE,ဂိုက်,Byee-Thara
GAIN,ဂိန်,Byee-Thara
GAINE,ဂိမ်း,
GAING,ဂိုင်,Byee-Thara
GALAU,ဂါလူး,
GALON,ဂဠုန်,
GAM,ဂမ်,
GAME,ဂိမ်း,
GAN,ဂန်,
GANDA,ဂန္တ,mmaws
GANGAR,ဂန်ဂျာ,
GANGAW,ကန့်ကော်,
GANN,ဂန်း,Byee-Thara
GANT,ကံ့,
GAR,ဂါ,
GARA,ဂရ,
GARCIA,ဂါစီရာ,
GARET,ဂရက်,Nan OnePay
GARR,ဂါး,mmaws
GAT,ဂတ်,mmaws
GATE,ဂိတ်,
GAUK,ဂေါက်,Byee-Thara
GAUNG,ဂေါင်း,
GAW,ကော်,
GAWNG,ဂွမ်,
GAY,ဂေ,Byee-Thara
GAYAUNG,ဂရောင်,
GE,ဂီ,
GEE,ဂီး,Byee-Thara
GEIK,ဂိတ်,Byee-Thara
GEIN,ဂိန်း,Byee-Thara
GEINT,ဂိမ့်,Byee-Thara
GEKOSKI,ဂက်ကိုစကီး,
GEL,ဂျယ်,mmaws
GEORGE,ဂျော့ချ်,
GET,ဂက်,Byee-Thara
GHA,ဃ,
GI,ဂီ,
GIANNINI,ဂျီအန်နီနီ,
GILL,ဂေးလ်,
GIN,ဂျင်း,
GINE,ဂိုင်,Byee-Thara
GINN,ဂင်း,Byee-Thara
GINT,ဂင့်,
GIT,ဂစ်,Byee-Thara
GITA,ဂီတ,
GITHAR,ဂီသာ,
GLAING,ဂှိုင်,Byee-Thara
GLORIA,ဂလိုရီယာ,
GO,ဂို,Byee-Thara
GOE,ဂိုး,Byee-Thara
GOH,ဂို့,Byee-Thara
GOHT,ဂို့,Byee-Thara
GOKE,ဂုတ်,Byee-Thara
GOLD,ဂိုးလ်,mmaws
GOLWALA,ဂေါဝါလာ,
GON,ဂုဏ်,
GONE,ဂုန်,Byee-Thara
GONN,ဂုဏ်,
GONT,ဂွန့်,Byee-Thara
GONYE,ဂုဏ်ရည်,
GONYEE,ဂုဏ်ရည်,
GONYI,ဂုဏ်ရည်,
GOO,ဂူး,Byee-Thara
GORDON,ဂေါ်ဒွန်,
GORETTI,ဂိုးရက်တီး,
GOU,ဂို,
GRACE,ဂရေ့စ်,
GRACY,ဂရေစီ,Nan OnePay
GRAHAM,ဂရေဟမ်,
GRAND,ဂရန်း,
GRAVES,ဂရာဗက်စ်,
GRAWNG,ဂရောန်,
GRAY,ဂရေး,
GREEN,ဂရင်း,
GRIFFITH,ဂရီဖစ်ထ်,
GRIN,ဂရင်,Nan OnePay
GU,ဂူး,
GUE,ဂူး,mmaws
GUM,ဂွန်,
GUN,ဂွန်း,
GUNG,ဂေါင်း,
GUNN,ဂွန်း,Byee-Thara
GUU,ဂူး,Byee-Thara
GUYTON,ဂိုင်းတန်,
GWA,ဂွ,Byee-Thara
GWAN,ဂွမ်,
GWE,ဂွေ,Byee-Thara
GWI,ဂွိ,mmaws
GWON,ဂွမ်း,
GY,ဂိုင်,Byee-Thara
GYA,ဂျ,Byee-Thara
GYAN,ဂျမ်း,
GYAUNG,ဂေါင်,
GYAW,ဂျော်,
GYAWE,ဂျွယ်,Byee-Thara
GYAWT,ဂျော့,Byee-Thara
GYAY,ဂျေ,Byee-Thara
GYE,ဂျေး,Byee-Thara
GYEE,ဂျီး,mmaws
GYI,ကြီး,
GYIN,ကြင်း,
GYINN,ကြင်း,
GYO,ဂျိုး,Byee-Thara
GYOKE,ချုပ်,mmaws
GYU,ဂျူ,Byee-Thara
GYUNG,ဂွမ်း,
HA,ဟ,
HAE,ဟဲ,
HAEMAM,ဟေမာန်,
HAH,ဟတ်,
HAI,ဟိုင်း,Byee-Thara
HAIK,ဟိုက်,Byee-Thara
HAIKE,ဟိုက်,Byee-Thara
HAIN,ဟိန်း,
HAINE,ဟိန်း,
HAING,ဟိုင်,Byee-Thara
HAK,ဟက်,
HAKK,ဟက်,
HALL,ဟောလ်,
HALLEY,ဟဲလီ,
HALLIN,ဟယ်လင်,
HAM,ဟမ်,
HAMMONS,ဟမ်းမွန်,
HAN,ဟန်,
HANI,ဟန်နီ,
HANN,ဟန်,
HANNAH,ဟန,
HANNI,ဟန်နီ,
HANNY,ဟန်နီ,
HANT,ဟန့်,Byee-Thara
HAR,ဟာ,
HARBI,ဟာဘီ,
HARI,ဟယ်ရီ,
HARK,ဟက်ခ်,mmaws
HARNAR,ဟာနာ,
HARPER,ဟာပါ,
HARRI,ဟယ်ရီ,
HARRIS,ဟားရစ်,
HARRISON,ဟားရစ်ဆင်,
HARRY,ဟယ်ရီ,
HARY,ဟယ်ရီ,
HAT,ဟက်,Byee-Thara
HATE,ဟိတ်,
HATT,ဟတ်,
HAU,ဟွ,
HAUK,ဟောက်,
HAUNG,ဟောင်,Nan OnePay
HAUT,ဟောက်,mmaws
HAW,ဟော,Byee-Thara
HAWAY,ဟွေ,mmaws
HAWE,ဟွေ,mmaws
HAWM,ဟောမ်း,mmaws
HAY,ဟေ,
HAYE,ဟေး,mmaws
HAYMA,ဟေမာ,
HAYMAN,ဟေမာန်,
HAYMANN,ဟေမာန်,
HAYMAR,ဟေမာ,
HAYMARN,ဟေမာန်,
HAYMUN,ဟေမာန်,
HAZEL,ဟေဇယ်,
HE,ဟဲ,
HEART,ဟတ်ဒ်,mmaws
HEATHER,ဟေသာ,
HEE,ဟီး,
HEI,ဟိုင်,mmaws
HEIK,ဟိတ်,Byee-Thara
HEIN,ဟိန်း,
HEINN,ဟိန်း,
HEINT,ဟိမ့်,Byee-Thara
HEL,ဟဲ,
HENERY,ဟန်နရီ,
HENG,ဟန်,
HENRY,ဟန်နရီ,
HER,ဟယ်,mmaws
HERI,ဟယ်ရီ,
HERRI,ဟယ်ရီ,
HERRY,ဟယ်ရီ,
HET,ဟက်,Byee-Thara
HEYMAN,ဟေမာန်,
HEYMANN,ဟေမာန်,
HI,ဟိ,Byee-Thara
HIGHEST,ဟိုင်းရက်(စ်),
HILDALONE,ဟေးဒါလုံး,
HILL,ဟေးလ်,
HIMAR,ဟေမာ,
HIN,ဟင်လ်,
HINARY,ဟင်နရီ,
HINE,ဟိုင်,Byee-Thara
HING,ဟင်,
HINN,ဟင်း,
HINT,ဟင့်,Byee-Thara
HIROSHI,ဟီယိုရှီ,
HIT,ဟစ်,Byee-Thara
HKA,ခါး,
HKAM,ခမ်း,
HKAUNG,ခေါင်,
HKAW,ခေါ်,
HKAWL,ခေါ်လ်,
HKAWM,ကွမ်,
HKAWN,ကွမ်,Nan OnePay
HKAWNG,ခေါင်,
HKON,ခွန်,
HKUM,ဟွမ်,
HKUN,ခွန်,
HLA,လှ,
HLAE,လှဲ,mmaws
HLAINE,လျှမ်း,Nan OnePay
HLAING,လှိုင်,
HLAINNG,လှိုင်,
HLAM,လျန်,
HLAN,လှမ်း,
HLAUN,လွမ်,
HLAUNG,လှောင်,mmaws
HLAWN,လွှမ်း,*
HLAY,လှေ,mmaws
HLAYAN,လျှန်,
HLAYAP,လျှပ်,mmaws
HLAYAT,လျှပ်,mmaws
HLAYE,လှေး,mmaws
HLAYING,လှိုင်,
HLE,ဟဲလ်,
HLEE,လှီး,mmaws
HLIAN,လျှံ,mmaws
HLINE,လှိုင်,
HLWAM,လွှမ်း,
HLWAN,လွှမ်း,
HLWAR,လွှာ,
HLWIN,လွှင်,mmaws
HLYAM,လွှမ်း,
HLYAN,လျှံ,
HLYAP,လျှပ်,mmaws
HLYAT,လျှပ်,mmaws
HLYIN,လျှင်,mmaws
HMAINE,မှိုင်,
HMAN,မှန်,*
HMAR,မှာ,mmaws
HMAT,မှတ်,
HMAUNG,မှောင်,
HMAWE,မွှေး,
HME,မှီ,
HMEE,မှီ,
HMI,မှီ,
HMIE,မှီ,
HMINE,မှိုင်း,
HMON,မှုန်,
HMONE,မှုန်,
HMONG,မှုံ,
HMOO,မှူး,
HMOOE,မှူး,
HMOON,မွှန်း,mmaws
HMU,မှူး,
HMUE,မှူး,
HMUU,မှူး,
HMWAY,မွှေး,
HMWE,မွှေး,
HMWET,ထွပ်,
HMYAR,မျှား,mmaws
HMYAUNG,မြှောင်,mmaws
HMYAW,မျှော်,
HMYE,မှိုင်း,
HNA,နှာ,mmaws
HNAING,လှိုင်,
HNAM,နှဲမ်,
HNAME,နှဲမ်း,mmaws
HNAUNG,နှောင်း,
HNAW,နှော,mmaws
HNGET,ငှက်,
HNIE,နှီး,mmaws
HNIM,နှင်မ်,mmaws
HNIN,နှင်း,
HNINE,နှိုင်း,mmaws
HNINN,နှင်း,
HNINSI,နှင်းဆီ,
HNIT,နှစ်,
HNYAR,မျှား,
HNYIN,ညှင်း,mmaws
HNYUN,ညွှန်း,mmaws
HNYUNT,ညွှန့်,
HO,ဟို,
HOE,ဟိုး,
HOH,ဟို့,Byee-Thara
HOHT,ဟို့,Byee-Thara
HOKE,ဟုတ်,Byee-Thara
HOLLY,ဟိုလီ,
HOM,ဟွမ်,
HON,ဟွန်,Byee-Thara
HONE,ဟုန်း,
HONEY,ဟန်နီ,
HONG,ဟောင်,
HONT,ဟွန့်,Byee-Thara
HOO,ဟူး,
HORLEY,ဟော်လီ,
HOSE,ဟို့စ်,mmaws
HOTE,ဟုတ်,
HOUNG,ဟောင်,
HPA,ဖ,
HPAI,ဖိုင်,
HPANG,ဖန်,
HPAU,ဖူ,
HPAW,ဖော်,
HPONE,ဖုန်း,
HPU,ဖူး,
HPUE,ဖူး,
HRIN,ဟရင်,
HSA,ဆ,
HSAI,ဆိုင်း,
HSAIK,ဆိုက်,Byee-Thara
HSAIKE,ဆိုက်,Byee-Thara
HSAIN,ဆိန်,Byee-Thara
HSAINE,ဆိုင်,Byee-Thara
HSAING,ဆိုင်,Byee-Thara
HSAL,ဆယ်,
HSALAI,ဆလိုင်း,
HSALINE,ဆလိုင်း,
HSAM,ဆမ်,Byee-Thara
HSAN,ဆန်း,
HSANG,ဆန်း,
HSANN,ဆန်း,Byee-Thara
HSANT,ဆန့်,Byee-Thara
HSAP,ဆပ်,
HSAR,ဆာ,
HSAT,ဆက်,
HSAUK,ဆောက်,Byee-Thara
HSAUNG,ဆောင်း,
HSAW,ဆော,Byee-Thara
HSAY,ဆေ,Byee-Thara
HSAYAN,ဆရမ်,
HSE,ဆီ,Byee-Thara
HSEE,ဆည်း,
HSEIK,ဆိတ်,Byee-Thara
HSEIN,ရှိန်း,
HSEINT,ဆိမ့်,Byee-Thara
HSEL,ဆဲ,mmaws
HSENG,ဆမ်,
HSER,ဆာ,
HSET,ဆက်,
HSI,ဆိ,Byee-Thara
HSIN,ဆင်,Byee-Thara
HSINE,ဆိုင်,Byee-Thara
HSINN,ဆင်း,Byee-Thara
HSINT,ဆင့်,
HSIT,ဆစ်,
HSITE,ဆိုက်,
HSLAING,ဆှိုင်,Byee-Thara
HSO,ဆို,
HSOE,စိုး,
HSOH,ဆို့,Byee-Thara
HSOHT,ဆို့,Byee-Thara
HSOKE,ဆုတ်,Byee-Thara
HSON,ဆွန်,Byee-Thara
HSONE,ဆုန်,Byee-Thara
HSONT,ဆွန့်,Byee-Thara
HSOO,ဆူး,Byee-Thara
HSOUNG,ဆောင်း,
HSU,ဆု,
HSUE,ဆူး,
HSUN,ဆွန်,Byee-Thara
HSUNANDA,ဆုနန္ဒ,
HSUNN,ဆွန်း,Byee-Thara
HSUU,ဆူး,Byee-Thara
HSWA,ဆွ,Byee-Thara
HSWAN,ဆွမ်,Byee-Thara
HSWE,ဆွေ,Byee-Thara
HSWET,ဆွဝ်,
HSY,ဆိုင်,Byee-Thara
HSYA,ဆျ,Byee-Thara
HSYAW,ဆြော်,Byee-Thara
HSYAWE,ဆွယ်,Byee-Thara
HSYAWT,ဆော့,Byee-Thara
HSYAY,ဆေ,Byee-Thara
HSYE,ဆေး,Byee-Thara
HSYO,ဆိုး,Byee-Thara
HSYU,ဆု,Byee-Thara
HTA,ထ,
HTAE,ထယ်,
HTAI,ထိုင်,
HTAIK,ထိုက်,
HTAIKE,ထိုက်,Byee-Thara
HTAIN,ထိန်,
HTAINE,ထိုင်,Byee-Thara
HTAING,ထိုင်,
HTAINN,ထိန်း,mmaws
HTAKE,ထိပ်,
HTAL,ထယ်,
HTAM,ထမ်,Byee-Thara
HTAN,ထန်,
HTANE,ထိန်း,mmaws
HTANG,ထန်,
HTANN,ထန်း,
HTANT,ထန့်,
HTAP,ထပ်,mmaws
HTAR,ထား,
HTAT,ထက်,
HTATE,ထိပ်,
HTAUK,ထောက်,Byee-Thara
HTAUN,ထောင်း,
HTAUNG,ထောင်း,
HTAW,ထော,
HTAWE,ထွေး,
HTAY,ဌေး,
HTE,ထည်,
HTEE,ထီး,
HTEI,ထည်,
HTEIK,ထိပ်,
HTEIN,ထိန်,
HTEINT,ထိမ့်,Byee-Thara
HTET,ထက်,
HTHAT,ထက်,
HTI,ထိ,
HTIEK,ထိုက်,
HTIKE,ထိုက်,
HTIKEE,ထိုက်,
HTIN,ထင်,
HTINE,ထိုင်,Byee-Thara
HTING,ထိန်,
HTINN,ထင်း,Byee-Thara
HTINT,ထင့်,Byee-Thara
HTIT,ထစ်,Byee-Thara
HTLAING,ထှိုင်,Byee-Thara
HTO,ထို,Byee-Thara
HTOE,ထိုး,
HTOH,ထို့,Byee-Thara
HTOHT,ထို့,Byee-Thara
HTOI,ထွယ်,
HTOKE,ထုတ်,Byee-Thara
HTON,ထွန်,Byee-Thara
HTONE,ထုန်,Byee-Thara
HTONT,ထွန့်,Byee-Thara
HTOO,ထူး,
HTOOE,ထူး,
HTOON,ထွန်း,
HTU,ထု,
HTUE,ထူး,
HTUN,ထွန်း,
HTUNG,ထောင်,
HTUNN,ထွန်း,
HTUT,ထွဋ်,
HTUU,ထူး,Byee-Thara
HTWA,ထွာ,
HTWAL,ထွယ်,
HTWAM,ထွမ်,
HTWAN,ထွမ်,Byee-Thara
HTWAR,ထွား,
HTWAY,ထွေး,
HTWE,ထွေး,
HTWLE,ထွယ်,
HTY,ထိုင်,Byee-Thara
HTYA,ထွ,Byee-Thara
HTYAW,ထော်,Byee-Thara
HTYAWE,ထွယ်,Byee-Thara
HTYAWT,ထော့,Byee-Thara
HTYAY,ထွေ,Byee-Thara
HTYE,ထေး,Byee-Thara
HTYO,ထိုး,Byee-Thara
HTYU,ထူ,Byee-Thara
HU,ဟူ,
HUANG,ဟောင်,
HUE,ဟူး,
HUGHES,ဟူစ်,
HUN,ဟွန်,Byee-Thara
HUNN,ဟွန်း,Byee-Thara
HUNT,ဟန့်,
HUT,ဟွတ်,
HUU,ဟူး,
HWA,ဟွ,
HWAM,ဟွမ်,
HWAN,ဟွမ်,Byee-Thara
HWAR,ဝှား,Nan OnePay
HWE,ဟွေ,Byee-Thara
HWET,ဝှက်,
HWUN,ဟွမ်း,mmaws
HY,ဟိုင်,Byee-Thara
HYA,ဟ,Byee-Thara
HYAW,ဟြော်,Byee-Thara
HYAWE,ဟွယ်,Byee-Thara
HYAWT,ဟော့,Byee-Thara
HYAY,ဟေ,Byee-Thara
HYE,ဟေး,Byee-Thara
HYLAR,လျှား,mmaws
HYO,ဟိုး,Byee-Thara
HYU,ဟူ,Byee-Thara
I,အိုင်,mmaws
IAN,အီအန်,
IANG,အိုင်း,
IDA,*--,*
II,တူး,
IIT,အစ်,mmaws
IKE,အိုက်,Nan OnePay
IN,အင်,
INDA,အင်ဒါ,
INDACAKKA,အန္ဒကက္က,
INDE,အင်ဒီ,
ING,အိန်,
INGYIN,အင်ကြင်း,
INGYINN,အင်ကြင်း,
INKHUM,အင်ခွန်,
INKYINN,အင်ကြင်း,
INN,အင်,
INNOCENT,အင်နိုးစန့်,
INZA,အဉ္စ,mmaws
INZALE,အဉ္ဇလီ,
INZALI,အဉ္ဇလီ,
INZALLI,အဇ္ဇလီ,
INZU,အဉ္ဇူ,mmaws
IS,အစ္စ,mmaws
ISMAIL,အစ်မေးလ်,
ISMAN,အစ်မန်,
ISSAC,အေဇက်,
ISSARIYA,အစ္စရီယ,
IVAN,အီဗန်,
IZAC,အိုင်ဇက်,
J,ဂျေ,
JA,ဂျာ,
JAC,ဂျက်ခ်,mmaws
JACK,ဂျက်,
JACKSON,ဂျက်ဆင်,
JACQUELINE,ဂျက်ကလင်း,
JADE,ဂျိတ်,
JAGARALINKARA,ဂျဂါရာလင်ကရာ,
JAL,ဂျယ်,mmaws
JALAR,ဂျလား,
JAM,ဂျမ်,
JAMES,ဂျိမ်း,
JAMU,ဂျမူး,
JAN,ဂျန်,mmaws
JANG,ဂျန်း,
JAR,ဂျာ,
JARA,ဂျာရာ,
JARL,ဂျာလ်,
JASMINE,ဂျက်စမင်,
JASSY,ဂျက်စီ,
JAT,ဂျတ်,
JAVA,ဂျာဗာ,
JAVANA,ဇီဗဏ္ဏ,
JAW,ဂျော်,
JAWN,ဂျောန်,
JAY,ဂျေး,
JAYESHKUMAR,ဂျေးယက်ချ်ကူးမား,
JE,ဂျူ,mmaws
JEAN,ဂျင်း,
JEFFERY,ဂျက်ဖရီ,
JEIN,ဂျိန်း,
JENNY,ဂျင်းနီ,
JERRY,ဂျယ်ရီ,
JESH,ဂျက်ချ်,
JESSICA,ဂျက်စီကာ,
JET,ဂျတ်,mmaws
JI,ဂျီ,
JIKE,ဂျိုက်,
JIN,ဂျင်,
JINNI,ဂျင်နီ,
JIP,ဂျစ်,
JIT,ဂျစ်,
JO,ဂျိုး,
JOE,ဂျိုး,
JOHN,ဂျွန်,
JOHNE,ဂျွန်း,mmaws
JOHNN,ဂျွန်း,mmaws
JOHNNY,ဂျော်နီ,
JOHNSON,ဂျွန်ဆင်,
JOHNY,ဂျွန်နီ,
JOKE,ဂျုတ်,
JOLE,ဂျိုလီ,
JON,ဂျွန်,
JONE,ဂျုံး,
JONES,ဂျုံးစ်,
JONG,ဂျန်,
JOSEPH,ဂျိုးဆက်,
JOSHUA,ဂျော့ရှူးဝါး,
JOTIPALA,ယောသီပါလ,
JU,ဂျူး,
JUD,ဂျက်ဒ်,mmaws
JUDSON,ဂျက်ဆင်,
JUE,ဂျူး,
JUEE,ဂျူး,
JUELI,ဂျူးလီ,
JUESLAY,ဂျူးလေး,
JULE,ဂျူလီ,
JULI,ဂျူလီ,
JULIA,ဂျူလီယာ,
JULIE,ဂျူလီယာ,
JULY,ဂျူလိုင်,
JUNE,ဂျွန်,
JUNI,ဂျူနီ,
JUNIOR,ဂျူနီယာ,
JUNXING,ဂျွန်ဇင်း,
JUNY,ဂျွန်နီ,
JURINA,ဂျူးရီးနာ,
JURY,ဂျူရီ,
JUSTIN,ဂျက်စတင်း,
JUTY,ဂျူတီ,
JUU,ဂျူး,
JYAL,ဂျဲ,mmaws
JYAW,ဂျော်,
JYOUN,ဂျွန်း,mmaws
K,ကေ,
KA,က,
KABAR,ကမ္ဘာ,
KABHAR,ကမ္ဘာ,
KABYAR,ကမ္ဘာ,
KADAY,ကုဋေ,
KAE,ကဲ,
KAHING,ခိုင်,
KAHLAR,ကလျာ,
KAHLAYA,ကလျာ,
KAHLAYAR,ကလျာ,
KAHLYAR,ကလျာ,
KAI,ကိုင်,
KAIK,ကိုက်,
KAIKE,ကိုက်,Byee-Thara
KAIN,ခင်,
KAINE,ကိုင်,Byee-Thara
KAING,ကိုင်,
KAINNA,ကိန္န,
KAKE,ကိတ်,
KAL,ကယ်,
KALA,ကုလား,
KALAM,ခလမ်,
KALAMA,ကုလားမ,
KALAR,ကုလား,
KALARMA,ကုလားမ,
KALAY,ကလေး,
KALAYA,ကလျာ,
KALAYAR,ကလျာ,
KALO,ကလို,
KALU,ကလု,
KALYAR,ကလျာ,
KAM,ကမ်,
KAMAL,ကာမေးလ်,
KAMALAR,ကမလာ,
KAMMA,ကမ္မ,
KAN,ကန်,
KANE,ကိမ်း,
KANG,ခမ်း,
KANN,ကန်း,Byee-Thara
KANT,ကန့်,
KANTHAR,ကန်သာ,
KAP,ကပ်,
KAPLAN,ကဖ်ပလန်,
KAPUU,ကပူး,
KAR,ကာ,
KARENG,ကရန်,
KARI,ကရီ,
KARL,ကာလ်,
KARLI,ကာလီ,
KARSIN,ကာဆင်,
KASANAR,ကစနား,
KASH,ကတ်ချ်,
KAT,ကက်,
KATAY,ကုဋေ,
KATHRINE,ကတ်သရင်း,
KATHY,ကေသီ,
KATT,ကတ်,
KATTE,ကတ္တီ,
KATTI,ကတ္တီ,
KAUK,ကောက်,
KAUNG,ကောင်း,
KAW,ကော,
KAWL,ကောလ်,
KAWN,ကောန်,
KAWT,ကော့,
KAY,ကေ,
KAYAH,ကယား,
KAYAN,ခရမ်း,
KAYAY,ခရေ,
KAYLARTHA,ကေလာသ,
KAYTHARI,ကေသရီ,
KAYTHI,ကေသီ,
KAYTHWE,ကေသွယ်,
KAYTHY,ကေသီ,
KAYZIN,ကေဇင်,
KE,ကီ,
KEE,ကီး,
KEIK,ကိတ်,Byee-Thara
KEIN,ကိမ်း,
KEINT,ကိမ့်,Byee-Thara
KEL,ကယ်လ်,
KELLER,ကဲလ်လာ,
KEN,ကန်,mmaws
KENNETH,ကတ်နက်,
KER,ကာ,mmaws
KESH,ကတ်ချ်,
KET,ကက်,Byee-Thara
KEY,ကီ,mmaws
KHA,ခ,
KHAE,ခဲ,
KHAGAR,ခဂ္ဂါ,mmaws
KHAI,ခိုင်,
KHAIK,ခိုက်,Byee-Thara
KHAIKE,ခိုက်,Byee-Thara
KHAIN,ခိန်,Byee-Thara
KHAINE,ခိုင်,
KHAING,ခိုင်,
KHAL,ခဲ,
KHALAIN,ခလိန်,
KHALAY,ခလေး,
KHAM,ခမ်း,
KHAN,ခမ်,
KHANK,ခန့်,
KHANN,ခန်း,Byee-Thara
KHANT,ခန့်,
KHANTE,ခန္တီ,mmaws
KHANTI,ခန္တီ,mmaws
KHAR,ခါ,
KHARIT,ချရစ်,
KHAT,ခတ်,
KHATAR,ခတ္တာ,
KHATTA,ခတ္တာ,
KHATTAR,ခတ္တာ,
KHAUK,ခေါက်,Byee-Thara
KHAUN,ခေါင်,
KHAUNG,ခေါင်,
KHAUT,ခေါက်,mmaws
KHAW,ခေါ်,
KHAWL,ခေါလ်,
KHAWN,ခွမ်,
KHAY,ခေး,
KHAYA,ခါရာ,
KHAYAE,ခရေ,
KHAYAY,ခရေ,
KHE,ခဲ,
KHEE,ခီး,Byee-Thara
KHEIK,ခိတ်,Byee-Thara
KHEIN,ခိန်း,Byee-Thara
KHEINT,ခိမ့်,Byee-Thara
KHEL,ခဲ,
KHET,ခက်,
KHI,ခိ,Byee-Thara
KHIANG,ခိုင်,
KHIM,ခင်,Nan OnePay
KHIN,ခင်,
KHINE,ခိုင်,
KHING,ခိုင်,
KHINN,ခင်,
KHINT,ခင့်,Byee-Thara
KHIT,ခေတ်,
KHITE,ခိုက်,
KHLAING,ခှိုင်,Byee-Thara
KHO,ခို,
KHOE,ခိုး,Byee-Thara
KHOH,ခို့,Byee-Thara
KHOHT,ခို့,Byee-Thara
KHOKE,ခုပ်,
KHOM,ခွန်,
KHON,ခွန်,
KHONE,ခုန်,Byee-Thara
KHONT,ခွန့်,Byee-Thara
KHOO,ခူး,Byee-Thara
KHOON,ခွန်း,
KHOTE,ခုပ်,
KHOUT,ခေါက်,
KHOW,ကော်,Nan OnePay
KHTET,ခက်,
KHU,ခူး,
KHUE,ခူး,mmaws
KHUM,ခွမ်,
KHUN,ခွန်,
KHUNN,ခွန်း,
KHUT,ခွတ်,
KHUTT,ခွတ်,
KHUU,ခူး,Byee-Thara
KHWA,ခွ,Byee-Thara
KHWAM,ကွမ်,
KHWAN,ခွမ်,Byee-Thara
KHWAR,ခွား,
KHWARL,ခွါလ်,
KHWAY,ခွေး,
KHWE,ခွေး,
KHWI,ခွီး,
KHY,ခိုင်,Byee-Thara
KHYA,ချ,Byee-Thara
KHYAW,ချော်,Byee-Thara
KHYAWE,ချွယ်,Byee-Thara
KHYAWT,ချော့,Byee-Thara
KHYAY,ချေ,Byee-Thara
KHYE,ချေး,Byee-Thara
KHYO,ချိုး,Byee-Thara
KHYU,ချူ,Byee-Thara
KI,ကီ,
KIAO,KIAO,*
KIE,ကီး,
KIM,ကိမ်,
KIN,ကင်,
KINE,ကိုင်,
KING,ကင်း,
KINN,ကင်း,Byee-Thara
KINSA,ကဉ္စ,
KINT,ခင့်,
KISO,ကီဆို,
KISS,ကစ္စ,
KISSANA,ကစ္စနား,
KISSES,ကစ်စ်,
KISSNA,ကစ္စနား,
KISSNAR,ကစ္စနား,
KIT,ကစ်,
KITE,ကိုက်,
KLAING,ကှိုင်,Byee-Thara
KLAYAR,ကလျာ,
KLO,ကလို,
KMAR,ကမာ,
KO,ကို,
KO.,ကို,
KOE,ကိုး,
KOH,ကို့,Byee-Thara
KOHT,ကို့,Byee-Thara
KOK,ကောက်,
KOKE,ခုပ်,
KOL,ကိုလ်,
KOLO,ကိုလို,
KOME,ကိုမီ,
KON,ကွန်,Byee-Thara
KONE,ကုန်,
KONG,ခေါင်,
KONN,ကွန်း,
KONT,ကွန့်,Byee-Thara
KOO,ကူး,Byee-Thara
KOON,ကွန်း,mmaws
KOTE,ကွတ်,
KOUNG,ကောင်း,
KOUNT,ကွန့်,mmaws
KOVIDA,ကောဝိဒ,
KOW,ကောင်း,
KRI,ကီ,
KRICKSTEIN,ခရစ်စတိုင်း,
KRISANAT,ကစ္စနား,
KRUNAL,ခရုနေး,
KU,ကု,
KUDAY,ကုဋေ,
KUE,ကူး,
KUEE,ကူး,
KUK,ကောက်,
KUL,ကူးလ်,
KUMA,ကုမ္မာ,mmaws
KUMAR,ကူးမား,
KUMARA,ကုမာရ,
KUMARAH,ကုမာရ်ချ်,
KUMARI,ကုမာရီ,
KUMARRA,ကုမာရ,
KUMARYA,ကုမာရ,
KUN,ကွန်း,
KUNIKO,ကူနီကို,
KUNN,ကွန်း,Byee-Thara
KUU,ကူး,
KWA,ကွ,Byee-Thara
KWAK,ကွက်,mmaws
KWAL,ကွယ်,
KWAM,ကွမ်း,Nan OnePay
KWAN,ကွမ်,
KWAP,ကွပ်,
KWAR,ကွာ,mmaws
KWAT,ကွက်,
KWAY,ကွေ,
KWAYD,ကွေး,
KWAYE,ကွေ့,mmaws
KWE,ကြွယ်,
KWEE,ကွီး,
KWI,ကွီ,mmaws
KWIN,ကွင်း,
KWIZ,ကွိဇ်,mmaws
KWUN,ကွမ်း,mmaws
KWUT,ကွတ်,mmaws
KWYEL,ကြွယ်,
KY,ကိုင်,Byee-Thara
KYA,ကျ,
KYAE,ကြဲ,
KYAI,ကျေ,
KYAIK,ကြိုက်,mmaws
KYAIN,ကျိန်,
KYAINE,ကျိုင်း,
KYAING,ကြိုင်,
KYAK,ကျက်,
KYAL,ကြယ်,
KYAN,ကျန်,
KYANE,ကျိန်း,
KYANG,ကျောင်း,
KYANN,ကြမ်း,
KYANT,ကျန့်,
KYAR,ကြာ,
KYAT,ကျပ်,
KYAUK,ကျောက်,
KYAUNG,ကြောင်,
KYAUT,ကျော့,
KYAW,ကျော်,
KYAWAL,ကျွဲ,mmaws
KYAWE,ကြွယ်,
KYAWL,ကြွယ်,
KYAWT,ကျော့,ကျော့ / ကြော့
KYAY,ကျေး,
KYE,ကျေ,
KYEAIN,ကျိန်,
KYEE,ကြီး,
KYEIM,ကျိမ်,mmaws
KYEIN,ကြိမ်,
KYEL,ကြယ်,
KYI,ကြည်,
KYIN,ကြင်,
KYINE,ကျင်,
KYING,ကြိုင်,
KYINN,ကျင်း,
KYINT,ကြင့်,
KYIO,ကိုင်အို,
KYIPYAR,ကြည်ပြာ,
KYIT,ကျစ်,mmaws
KYITHA,ကြည်သာ,
KYITHAR,ကြည်သာ,
KYO,ကြိုး,
KYOE,ကြိုး,
KYOKE,ကြုတ်,
KYON,ကျုံ,mmaws
KYONE,ကျုံး,
KYOW,ကျော,
KYU,ကြူ,ကြူ / ကျူ
KYUE,ကြူ,
KYUN,ကျွန်း,mmaws
KYUU,ကြူ,
KYWA,ကြွ,
KYWAE,ကြွေ,mmaws
KYWAIL,ကြွယ်,
KYWAL,ကြွယ်,
KYWAN,ကျွန်,
KYWAT,ကြွက်,
KYWAY,ကြွေ,
KYWE,ကြွယ်,
KYWEL,ကြွယ်,
KYWON,ကျွံ,mmaws
KYWUN,ကျွန်,
L,အယ်လ်,
L.,အယ်လ်,
L.SENG,အယ်လ်ဆန်,
LA,လ,
LAA,လ,
LABB,လတ်,
LABT,လာဘ်,
LABYA,လဗျ,
LACHU,လာချူး,
LAD,လဒ်,
LAE,လဲ့,
LAE`,လဲ့,
LAELAE,လဲ့လဲ့,
LAGOUN,လဂွန်း,
LAH,လား,
LAHPAI,လဖိုင်,
LAHTAW,လထော်,
LAI,လှိုင်,
LAII,လိုင်,
LAIK,လိုက်,Byee-Thara
LAIKE,လိုက်,Byee-Thara
LAIN,လိုင်,
LAINE,လိုင်,Byee-Thara
LAING,လိုင်,
LAINMAR,လိမ္မာ,mmaws
LAINN,လိန်း,
LAIO,လောင်,
LAJAWN,လဂျောန်,
LAK,လက်,
LAKKHANA,လက္ခဏ,
LAKYAR,လက်ျာ,
LAL,လား,
LAM,လမ်,Byee-Thara
LAMA,လာမာ,
LAMIN,လမင်း,
LAMINN,လမင်း,
LAN,လန်း,
LANE,လိန်း,
LANKARA,လင်္ကာရ,
LANN,လန်း,Byee-Thara
LANT,လန့်,
LAO,လာအို,
LAP,လပ်,mmaws
LAPYAE,လပြည့်,
LAPYAI,လပြည့်,
LAPYAY,လပြည့်,
LAR,လာ,
LARB,လာဘ်,
LARD,လာဒ်,
LARL,လာလ်,mmaws
LARM,လာမ်,mmaws
LARR,လား,
LAT,လတ်,
LATE,လိတ်,
LATT,လတ်,
LAUD,လောဒ်,mmaws
LAUK,လောက်,Byee-Thara
LAUNG,လောင်း,
LAURA,လော်ရာ,
LAW,လော,
LAWI,လဝီ,
LAWN,လွမ်း,
LAWRENCE,လောရင့်,
LAWT,လော့,
LAY,လေး,
LAYAN,လျံ,
LAYAR,လျာ,
LAYAWT,လျော့,mmaws
LAYIN,လျင်,
LAYINT,လျင့်,mmaws
LAYY,လေး,
LAZUM,လဇွမ်,
LAZUN,လဇွန်,
LE,လဲ့,
LE`,လဲ့,
LEE,လီ,
LEEUWEN,လီဝန်,
LEI,လဲ့,
LEIK,လိတ်,Byee-Thara
LEIN,လိန်,
LEING,လျိမ်း,Nan OnePay
LEINN,လိန်း,
LEINT,လိမ့်,Byee-Thara
LEKKHA,လက္ခ,mmaws
LEL,လဲ,
LENG,လွိမ်,
LEO,လီယို,
LEONARD,လီရိုနက်,
LET,လက်,
LETT,လတ်,
LEX,လက်စ်,mmaws
LHAY,လှေ,mmaws
LHAYAP,လျှပ်,mmaws
LHAYAT,လျှပ်,mmaws
LHEE,လှီး,mmaws
LHWAN,လွှမ်း,
LHWAR,လွှာ,
LHYAP,လျှပ်,mmaws
LHYAR,လျှား,mmaws
LHYAT,လျှပ်,mmaws
LI,လီ,
LIAN,လျန်,
LIBERTY,လေဘာတီ,
LIE,လီ,mmaws
LIE`,လိုင်,
LIIN,လင်း,
LIKE,လိုက်ခ်,
LILLY,လီလီ,
LILY,လီလီ,
LIM,လင်း,
LIMM,လင်း,
LIN,လင်း,
LINA,လီနာ,
LIND,လင့်ဒ်,
LINDA,လင်ဒါ,
LINE,လိုင်း,
LING,လင်းဂ်,
LINKAR,လင်္ကာ,mmaws
LINKARA,လင်္ကာရ,
LINN,လင်း,
LINNITH,လင်းနစ်,
LINT,လင့်,Byee-Thara
LINYNN,လင်း(န်),
LINZ,လင်း,
LIPS,လစ်,mmaws
LIS,လဲစ်,
LISU,လီဆူ,
LIT,လစ်,Byee-Thara
LITE,လိုက်,
LLAING,လှိုင်,Byee-Thara
LO,လို,
LOA,လဝ်,* မြန်မာပြင်ရန်
LOAN,လုံး,
LOE,လို,Byee-Thara
LOH,လို့,Byee-Thara
LOHT,လို့,Byee-Thara
LOIE,လွိုင်း,
LOKE,လုတ်,Byee-Thara
LOKKA,လောက,
LON,လွန်း,
LONE,လုံး,
LONG,လောင်,
LONN,လွန်း,
LONT,လွန့်,Byee-Thara
LOO,လူး,Byee-Thara
LOON,လွန်း,
LOR,လာ,mmaws
LOS,လော့,
LOT,လော့,
LOTE,လုတ်,mmaws
LOU,လော့,
LOUK,လောက်,
LOUN,လောင်,
LOUNG,လောင်း,
LOUT,လွတ်,Nan OnePay
LOW,လိုး,
LOWN,လောင်,
LU,လူ,
LUAN,လွန်း,
LUCAS,လူးကပ်စ်,
LUCY,လူစီ,
LUE,လူး,
LUENGE,လူငယ်,
LUM,လွန်း,
LUN,လွန်း,
LUNG,လောင်,
LUNN,လွန်း,
LUO,လော့,
LUT,လွတ်,
LUTHA,လူသာ,
LUU,လူး,
LWA,လွ,Byee-Thara
LWAI,လွေ,mmaws
LWAL,လွဲ,
LWAM,လွမ်,
LWAN,လွမ်း,
LWANN,လွမ်း,
LWANT,လွမ့်,mmaws
LWAR,လွှာ,
LWAY,လွေး,
LWE,လွေ,Byee-Thara
LWI,လွီ,
LWIN,လွင်,
LWONT,လော့ဝ်,
LY,လိုင်,
LYA,လျ,Byee-Thara
LYAN,လျန်း,
LYAR,လျာ,
LYAW,လျော်,Byee-Thara
LYAWE,လွယ်,Byee-Thara
LYAWT,လျော့,Byee-Thara
LYAY,လေ,Byee-Thara
LYE,လျေး,Byee-Thara
LYIN,လျင်,
LYINT,လျင့်,mmaws
LYNE,လျှမ်း,Nan OnePay
LYNN,လင်း,
LYO,လျို,
LYU,လျူ,Byee-Thara
M,အမ်,
MA,မ,
MA.,မ,
MABEL,မေဘယ်လ်,
MABLE,မေဘယ်,
MAD,မက်,
MADI,မဒီ,
MADU,မာဒု,
MAE,မေ့,
MAEN,မဲန်း,mmaws
MAGAUNG,မခေါင်,
MAGDALENA,မာဂလီနာ,
MAGNOLIA,မက်နိုးလီယာ,
MAHAR,မဟာ,
MAHAYS,မာဟေးစ်,
MAHIN,မဟင်,
MAHINEDRAR,မဟိန္ဒာ,
MAHN,မန်း,
MAI,မိုင်,
MAIK,မိုက်,Byee-Thara
MAIKE,မိုက်,Byee-Thara
MAIL,မဲလ်,mmaws
MAIN,မိန်,
MAINE,မိုင်,Byee-Thara
MAING,မိုင်,
MAINT,မိန့်,
MAJI,မဂျီ,
MAJOR,မေဂျာ,
MAK,မက်,mmaws
MAKHA,မခ,
MAL,မယ်,
MALA,မာလာ,
MALAR,မာလာ,
MALARR,မာလာ,
MALE,မာလီ,
MAM,မမ်,Byee-Thara
MAN,မန်,
MANA,မန,
MANAT,မန်နတ်,
MANAW,မနော,
MANDALAR,မန္တလာ,
MANEE,မန်နီ,
MANG,မောင်,
MANN,မာန်,
MANOET-Y,MANOET-Y,*
MANOJ,မနော့ဂျ်,
MANT,မန့်,Byee-Thara
MAO,မောဝ်,Nan OnePay
MAR,မာ,
MARAN,မရန်,
MARBLE,မာဘယ်လ်,
MARCO,မာကို,
MARGARET,မာဂရပ်,
MARGLER,MARGLER,*
MARI,မာရီ,
MARIA,မာရီယာ,
MARIETORIA,မာရီတိုရီးယား,
MARIP,မရစ်,
MARIS,မာရစ်,
MARIT,မရစ်,
MARJELL,မာဂျူး,
MARK,မာ့,mmaws
MARLAR,မာလာ,
MARMAT,မာရတ်,
MARN,မာန်,
MARR,မာ,
MARRY,မယ်ရီ,
MARTIN,မာတင်,
MARY,မေရီ,
MARYAR,မာယာ,
MAS,မတ်,mmaws
MASARA,မာဆာရာ,
MAT,မက်,
MATHEE,မသီး,
MATT,မတ်,mmaws
MAUK,မောက်,Byee-Thara
MAUMG,မောင်း,
MAUNG,မောင်,
MAUT,မောက်,mmaws
MAW,မော်,
MAWN,မွမ်း,လုံးဝ မပြင်ရ
MAX,မက်စ်,
MAXIE,မက်ဇီ,
MAY,မေ,
MAYAN,မရမ်,
MAYBEL,မေဘယ်လ်,
MAYI,မေမီ,
MAYRY,မေရီ,
MAYS,မေးစ်,
MAYSAUNG,မေဆောင်း,
MCDONALD,မက်ဒေါ်နယ်လ်,
MCGHEE,မက်ဂီး,
MCKIE,မက်ကီး,
ME,မီ,
MEE,မီး,
MEERA,မီယာ,
MEGAR,မီဂါ,
MEI,မိုင်,
MEIK,မိတ်,Byee-Thara
MEIN,မိန်,
MEINDA,မိန္ဒြာ,
MEINT,မိမ့်,Byee-Thara
MEITTA,မိတ္တာ,
MEL,မယ်,
MELODY,မယ်လိုဒီ,
MEN,မန်,
MENG,မာန်,
MERRY,မယ်ရီ,
MET,မက်,Byee-Thara
MEYER,မိုင်ရာ,
MG,မောင်,
MHAINE,မှိုင်,
MHAN,မာန်,
MHAT,မှတ်,mmaws
MHAUNG,မှောင်,
MHE,မှီ,mmaws
MHEE,မှီ,
MHI,မှီ,mmaws
MHINE,မှိုင်,
MHONE,မှုံ,
MHOO,မှူး,
MHOOE,မှူး,
MHOON,မွှန်း,mmaws
MHU,မှူး,
MHUE,မှူး,
MHUN,မှန်,
MHUU,မှူး,
MHWAY,မွှေး,
MHWE,မွှေး,
MHYAUNG,မြှောင်,mmaws
MHYAW,မျှော်,
MHYWE,မွှေး,
MI,မိ,
MIC,မစ်,mmaws
MICHAEL,မိုက်ကယ်,
MICHAL,မိုက်ကယ်,
MICHEL,မိုက်ကယ်,
MICHELLE,မီရှဲလ်,
MICKY,မစ်ကီ,
MIE,မီ,
MIKE,မိုက်,mmaws
MILANI,မင်လာနီ,
MILE,မိုင်း,mmaws
MILES,မိုင်း,
MILLER,မိုင်လာ,
MIMI,မီမီ,
MIN,မင်း,
MINAMI,မီနာမီ,
MINE,မိုင်,
MING,မင်,
MINGA,မင်္ဂ,mmaws
MINH,မင်း,
MINN,မင်း,
MINT,မင့်,Byee-Thara
MINTHA,မင်းသား,
MINTHAME,မင်းသမီး,
MINTHAMEE,မင်းသမီး,
MINTHAR,မင်းသား,
MINUS,မိုင်နပ်(စ်),
MIT,မစ်,Byee-Thara
MITCHELL,မစ်ချဲလ်,
MITE,မိုက်,
MITHA,မိသာ,
MLAING,မှိုင်,Byee-Thara
MO,မို,
MOAE,မိုး,
MOAM,မုန်း,
MOAT,မုတ်,
MOBILE,မိုဘိုင်း,
MOE,မိုး,
MOEA,မို့,
MOEE,မိုး,
MOET,မို့,
MOEZET,မိုးဇက်,
MOH,မို့,
MOHAMED,မိုဟာမက်,
MOHAMMAK,မိုဟာမက်,
MOHE,မိုး,
MOHM,မို့,
MOHN,မှုန်,
MOHT,မို့,
MOI,မွိုင်,mmaws
MOKE,မုတ်,Byee-Thara
MOKOENA,မိုကိုနာ,
MOLLY,မော်လီ,
MOM,မွန်,
MOME,မိုမီ,Nan OnePay
MON,မွန်,
MONA,မိုနာ,
MONE,မုံ,
MONG,မောင်,
MONJI,မွန်ဂျီ,
MONN,မွန်း,
MONT,မွန့်,Byee-Thara
MOO,မူး,
MOOLER,မူးလား,
MOON,မွန်း,
MOORE,မိုး,
MORRIS,မောရစ်,
MOS,မောစ်,
MOSES,မိုးဇက်,
MOSS,မော့စ်,
MOT,မို့,
MOTE,မုတ်,
MOTH,မို့,
MOUNG,မောင်,
MRA,မရ,
MRAT,မရတ်,
MRATT,မာရတ်,
MU,မူ,
MUAN,မုန်,
MUANG,မုံ,
MUE,မူ,
MUKO,မူကို,
MULAR,မူလ္လာ,
MULE,မူလီ,
MUN,မွန်,Byee-Thara
MUNG,မုန်,
MUNN,မွန်း,Byee-Thara
MURNG,မာန်,Nan OnePay
MURRAY,မာရေး,
MUTHU,မူတူး,
MUTU,မူတူး,
MUU,မူး,
MUYA,မူယာ,
MUYAR,မူယာ,
MWA,မွ,Byee-Thara
MWAE,မွေ,
MWAM,မွမ်း,
MWAN,မွမ်း,
MWAY,မွေ,
MWE,မွေ,
MWIN,မွင်း,
MY,မိုင်,
MYA,မြ,
MYACE,မြေ့,
MYAE,မြေ့,
MYAET,မြက်,
MYAIN,မြိုင်,
MYAINE,မြိုင်,
MYAING,မြိုင်,
MYAL,*--,*
MYAN,မြန်,
MYANA,MYANA,*
MYANMAR,မြန်မာ,
MYAR,မြ,
MYAT,မြတ်,
MYATT,မြတ်,
MYAW,မျှော်,Byee-Thara
MYAWE,မျွယ်,Byee-Thara
MYAWT,မျော့,Byee-Thara
MYAY,မြေ,Byee-Thara
MYAYE,မြေ့,
MYE,မြေ့,
MYEK,မျက်,mmaws
MYERS,မိုင်ရာ,
MYET,မြတ်,
MYI,မြီ,
MYIINT,မြင့်,
MYIN,မြင်,
MYINE,မြိုင်,
MYING,မြိုင်,
MYINT,မြင့်,
MYINTMO,မြင့်မိုရ်,
MYINTMYINT,မြင့်မြင့်,
MYINTSU,မဉ္စူ,mmaws
MYINTZU,မဉ္ဇူ,
MYINZU,မြဉ္ဇူ,
MYIT,မြင့်,
MYITTA,မေတ္တာ,
MYITTAR,မေတ္တာ,
MYITUNG,မြီတောင်,
MYITZU,မြဉ္ဇူ,
MYNE,မြိုင်,
MYO,မျိုး,
MYOE,မျိုး,
MYOT,မြို့,
MYU,မြူ,
MYUE,မြူး,
N,အန်,
NA,န,
NADI,နန္ဒီ,
NAE,နေ,
NAI,နိုင်,
NAII,နိုင်း,
NAIK,နိုက်,Byee-Thara
NAIKE,နိုက်,Byee-Thara
NAIL,နေး,mmaws
NAIN,နိန်,Byee-Thara
NAINE,နိုင်,Byee-Thara
NAING,နိုင်,
NAK,နက်,mmaws
NAL,နောလ်,
NALE,နေ,
NAM,နမ်,Byee-Thara
NAN,နန်း,
NANCY,နန်စီ,
NANDA,နန္ဒ,
NANDAR,နန္ဒာ,
NANDAWBHARTHA,နန္ဒာ,
NANDDY,နန္ဒီ,mmaws
NANDE,နန္ဒီ,mmaws
NANDI,နန္ဒီ,
NANDIYA,ဉာန္ဒိယ,
NANDY,နန္ဒီ,mmaws
NANE,နဲမ်,mmaws
NANG,နန်း,
NANKESO-Y .,NANKESO-Y .,*
NANN,နန်း,
NANRA,နန်းရာ,
NANT,နန့်,
NANTHAR,နံ့သာ,
NAP,နပ်,mmaws
NAPOLEON,နပိုလီယံ,
NAR,နာ,
NARI,နရီ,
NARNI,နာနီ,
NARY,နရီ,
NAT,နတ်,
NATT,နတ်,
NAUK,နောက်,Byee-Thara
NAUNG,နောင်,
NAUNT,နောင့်,
NAW,နော်,
NAWA,နဝါ,
NAWAR,နဝါ,
NAWARRAD,နဝရတ်,
NAWE,နွဲ့,
NAWNG,နွမ်,
NAY,နေ,
NAYCHI,နေခြည်,
NAYCHIE,နေခြည်,
NDER,အန်ဒါ,
NE,နေ,နေ / နီ
NEE,နီး,Byee-Thara
NEI,နိုင်,
NEIK,နိတ်,Byee-Thara
NEIN,နိန်း,Byee-Thara
NEINT,နိမ့်,Byee-Thara
NEK,နက်,mmaws
NELLY,နယ်လီ,
NENG,နန်,
NER,နား,
NET,နက်,Byee-Thara
NEVILLE,နဗီး,
NEW,နွယ်,
NEY,နီ,
NGA,င,
NGAE,ငယ်,
NGAI,ငိုင်,
NGAIH,ငိုက်,
NGAIK,ငိုက်,
NGAIKE,ငိုက်,Byee-Thara
NGAIN,ငိုင်,
NGAINE,ငိုင်,Byee-Thara
NGAING,ငိုင်,
NGAL,ငယ်,
NGAM,ငမ်,Byee-Thara
NGAN,ငန်,Byee-Thara
NGANN,ငန်း,Byee-Thara
NGANT,ငန့်,Byee-Thara
NGAR,ငါ,Byee-Thara
NGAUK,ငေါက်,Byee-Thara
NGAUN,ငေါင်း,
NGAW,ငေါ,Byee-Thara
NGAY,ငေ,Byee-Thara
NGE,ငယ်,
NGEE,ငီး,Byee-Thara
NGEIK,ငိုက်,
NGEIN,ငိန်း,Byee-Thara
NGEINT,ငိမ့်,Byee-Thara
NGET,ငက်,Byee-Thara
NGHON,ငုံ,
NGI,ငိ,Byee-Thara
NGIKE,ငိုက်,
NGIN,ငင်,Byee-Thara
NGINE,ငိုင်,Byee-Thara
NGING,ငိုင်,
NGINN,ငင်း,Byee-Thara
NGINT,ငင့်,Byee-Thara
NGIT,ငစ်,Byee-Thara
NGLAING,ငှိုင်,Byee-Thara
NGO,ငို,Byee-Thara
NGOE,ငိုး,Byee-Thara
NGOH,ငို့,Byee-Thara
NGOHT,ငို့,Byee-Thara
NGOKE,ငုတ်,Byee-Thara
NGON,ငုံ,
NGONE,ငုံ,
NGONT,ငွန့်,Byee-Thara
NGOO,ငူး,Byee-Thara
NGOT,နော့,
NGOUN,ငုံ,
NGU,ငု,
NGUN,ငွန်း,
NGUNN,ငွန်း,Byee-Thara
NGUU,ငူး,Byee-Thara
NGUWAR,ငုဝါ,
NGWA,ငွ,Byee-Thara
NGWAE,ငွေ့,mmaws
NGWAN,ငွမ်,Byee-Thara
NGWAR,ငွာ,
NGWAY,ငွေ,
NGWE,ငွေ,
NGY,ငိုင်,Byee-Thara
NGYA,ငျ,Byee-Thara
NGYAW,ငေါ်,Byee-Thara
NGYAWE,ငွယ်,Byee-Thara
NGYAWT,ငေါ့,Byee-Thara
NGYAY,ငေး,Byee-Thara
NGYE,ငေး,Byee-Thara
NGYO,ငိုး,Byee-Thara
NGYU,ငူး,Byee-Thara
NHAM,နှဲမ်,
NHAME,နှဲမ်း,mmaws
NHAW,နှော,mmaws
NHIN,နှင်း,
NHINN,နှင်း,
NHIT,နှစ်,
NHYIN,ညှင်း,mmaws
NI,နီ,
NIANG,ညောင်,
NIDI,နဒီ,
NIE,နီ,
NII,နီ,
NIL,နေးလ်,
NILA,နီလာ,
NILAR,နီလာ,
NIM,နမ်,
NIN,နင်,
NINDA,နင်ဒါ,
NINE,နိုင်း,
NING,နင်း,
NINGA,နင်္ဂ,mmaws
NINN,နင်း,Byee-Thara
NINT,နင့်,Byee-Thara
NISAMONI,နီစမွန်နီ,
NIT,နစ်,Byee-Thara
NITAR,နီတာ,
NITE,နိုက်,mmaws
NITRA,နီတာ,
NIX,နစ်,mmaws
NIYAR,ညီရာ,
NIZAR,နီဇာ,
NKHUM,ငွန်,
NLAING,နှိုင်,Byee-Thara
NO,နို,
NOAM,နွမ်,Nan OnePay
NOBAL,နိုဘယ်လ်,
NOE,နို,
NOH,နို့,Byee-Thara
NOHT,နို့,Byee-Thara
NOI,နွယ်,
NOKE,နုတ်,Byee-Thara
NOL,နို,
NOM,နုမ်,Nan OnePay
NOME,နွမ်,
NON,နွံ,
NONE,နုန်,Byee-Thara
NONG,နွံ,mmaws
NONGE,နိုငယ်,
NONN,နွံ,
NONT,နွန့်,Byee-Thara
NOO,နူး,Byee-Thara
NOOM,နွမ်,Nan OnePay
NOON,နွမ်,
NOOR,နော,
NOPPORN,နော့ပွန်,
NORAH,နိုရာ,
NORE,နို,
NORMA,နောမ,
NORRIS,နောရစ်,
NOTE,နုတ်,
NOUNG,နောင်,
NOUNT,နောင့်,
NOUT,နောင့်,
NOVEMBER,နိုဝင်ဘာ,
NOW,နိုး,mmaws
NOWEL,နိုဝယ်လ်,
NOYAR,နိုရာ,
NU,နု,
NUAM,နွမ်း,
NUE,နူး,
NUEE,နူး,
NUM,နမ်,
NUMN,နွမ်,
NUN,နွန်,Byee-Thara
NUNE,နွန်း,mmaws
NUNG,နန်း,
NUNGOO,နန်းဦး,
NUNN,နွန်း,Byee-Thara
NURA,နုရာ,Nan OnePay
NUU,နူး,
NUYI,နုရီ,
NWA,နွ,Byee-Thara
NWAE,နွေ,
NWAI,နွေ,နွေ / နွေး
NWAL,နွယ်,
NWAM,နွမ်း,Nan OnePay
NWAN,နွမ်,
NWAY,နွေ,နွေ / နွေး
NWAYE,နွေး,
NWE,နွယ်,
NWE`,နွယ်,
NWEE,နွယ်,
NWEI,နွဲ့,
NWEL,နွယ်,
NWELT,နွဲ့,
NWENI,နွယ်နီ,
NWET,နွဲ့,
NWEY,နွေး,
NWGE,ငွေ,
NY,နီ,
NYA,ည,
NYAE,ညက်,
NYAI,ညိုင်း,Byee-Thara
NYAIK,ညိုက်,Byee-Thara
NYAIKE,ညိုက်,Byee-Thara
NYAIN,ငြိမ်,
NYAINE,ညိုင်,Byee-Thara
NYAING,ညိုင်,Byee-Thara
NYAM,ညမ်,Byee-Thara
NYAN,ဉာဏ်,
NYANA,ဉာဏ,
NYANE,ငြိမ်း,
NYANG,ညောင်,
NYANN,ညန်း,Byee-Thara
NYANT,ညန့်,Byee-Thara
NYAR,ညာ,
NYARNA,ညာဏ,
NYAT,ညက်,
NYAUK,ညောက်,Byee-Thara
NYAUNG,ညောင်,
NYAW,ညော,Byee-Thara
NYAWE,နွယ်,Byee-Thara
NYAWT,နော့,Byee-Thara
NYAY,ညေ,Byee-Thara
NYE,ညီ,Byee-Thara
NYEE,ညီး,Byee-Thara
NYEIK,ညိတ်,Byee-Thara
NYEIN,ငြိမ်း,ငြိမ်း / ညိမ်း
NYEINCHAN,ငြိမ်းချမ်း,
NYEINT,ငြိမ့်,
NYEN,ငြိမ်း,
NYET,ညက်,Byee-Thara
NYEW,နျူး,mmaws
NYI,ညီ,
NYIEN,ငြိမ်း,
NYIN,ညင်,Byee-Thara
NYINE,ညိုင်,Byee-Thara
NYINN,ညင်း,Byee-Thara
NYINT,ညင့်,Byee-Thara
NYIT,ညစ်,Byee-Thara
NYLAING,ညှိုင်,Byee-Thara
NYNE,ငြိမ်း,
NYNT,ညွန့်,
NYO,ညို,
NYOE,ညိုး,Byee-Thara
NYOH,ညို့,Byee-Thara
NYOHT,ညို့,Byee-Thara
NYOI,ညို,
NYOKE,ညုတ်,Byee-Thara
NYON,ညွန်,Byee-Thara
NYONE,ညုန်,Byee-Thara
NYONT,ညွန့်,Byee-Thara
NYOO,ညူး,Byee-Thara
NYOT,ညို့,mmaws
NYU,ညု,
NYUN,ညွန်,Byee-Thara
NYUNN,ညွန်း,Byee-Thara
NYUNT,ညွန့်,
NYUT,ညွန့်,
NYUU,ညူး,Byee-Thara
NYWA,ညွ,Byee-Thara
NYWAN,ညွမ်,Byee-Thara
NYWAT,ညွတ်,
NYWE,ညွေ,Byee-Thara
NYY,ညိုင်,Byee-Thara
NYYA,ည,Byee-Thara
NYYAW,ညော်,Byee-Thara
NYYAWE,ညွယ်,Byee-Thara
NYYAWT,ညော့,Byee-Thara
NYYAY,ညေ,Byee-Thara
NYYE,ညေး,Byee-Thara
NYYO,ညိုး,Byee-Thara
NYYU,ညူ,Byee-Thara
O,အို,
OAE,အိုး,
OAGAR,ဥဂ္ဂါ,mmaws
OAK,အုပ်,
OAKA,ဥက္က,mmaws
OAKAR,ဥက္ကာ,
OAKCA,ဥက္ကာ,
OAKEKANTHA,ဥက္ကံသ,
OAKER,ဥက္ကာ,
OAKKA,ဥက္ကာ,
OAKKAR,ဥက္ကာ,
OAKTA,ဥတ္တ,mmaws
OAKTAMAR,ဥတ္တမ,
OAM,အွမ်,
OAT,အုပ်,
OH,အိုး,
OHANMAR,ဥမ္မာ,
OHKAR,ဥက္ကာ,
OHM,အုန်း,
OHMAR,ဥမ္မာ,
OHME,အွမ်း,Nan OnePay
OHMM,အုန်း,
OHMMAR,ဥမ္မာ,
OHN,အုန်း,
OHNE,အွမ်,
OHNMA,ဥမ္မာ,
OHNMAR,ဥမ္မာ,
OHNN,အုန်း,
OHNOMAR,ဥမ္မာ,
OK,အုပ်,
OKAMOTO,အိုကမိုတို,
OKAR,ဥက္ကာ,
OKCA,ဥက္ကာ,
OKE,အုပ်,
OKEKANSA,ဥက္ကံစ,
OKETA,ဥတ္တ,mmaws
OKKA,ဥက္ကာ,
OKKAR,ဥက္ကာ,
OLIVA,အိုလီဗာ,
OLSON,အိုးဆန်,
OM,အွမ်,Nan OnePay
OMM,အုံး,
OMMAR,ဥမ္မာ,
ON,အွန်,
ONE,ဝမ်း,
ONG,အွမ်,
ONN,အုန်း,Nan OnePay
OO,ဦး,
OOE,ဦး,
OR,အော်,
OSADA,ဥူးစာရ,
OSCAR,အော်စကာ,
OSMAN,အိုစမာန်,
OU,ဥ,
OUE,ဥ,
OUM,အွမ်,mmaws
OUTA,ဥတ္တ,mmaws
OWMAR,ဥမ္မာ,
OWN,အုန်း,
P,ပီ,
P.MOHAN,ပီမိုဟန်,
PA,ပ,
PADAMYAR,ပတ္တမြား,
PADAUK,ပိတောက်,
PADONMA,ပဒုမ္မာ,
PAE,ပိုင်,
PAGODA,ဘုရား,
PAI,ပိုင်,
PAIK,ပိုက်,
PAIKE,ပိုက်,
PAIN,ပိန်,Byee-Thara
PAINE,ပိုင်,Byee-Thara
PAING,ပိုင်,
PAINGPHYO,ပိုင်ဖြိုး,
PAKER,ပါကာ,
PAL,ပယ်,
PALAE,ပုလဲ,
PALAE`,ပုလဲ,
PALAL,ပါလာ,
PALE,ပုလဲ,
PAM,ပမ်,Byee-Thara
PAN,ပန်း,
PANDITATHARA,ပဏ္ဍိတသာရ,
PANDORA,ပန်ဒိုရာ,
PANG,ပန်,
PANITA,ပဏ္ဍိတ,
PANMA,ပန်မ,
PANN,ပန်း,
PANT,ပန့်,Byee-Thara
PANTITA,ပဏ္ဍိတ,
PAPA,ပပ,
PAR,ပါ,
PARA,ပါရာ,
PARAKAP,ပါရာကတ်,
PARAKAT,ပါရာကတ်,
PARAMI,ပါရမီ,
PARAR,ပါရာ,
PARARHSAP,ပါရာဆပ်,
PARASAD,ပါရာဆပ်,
PARASAP,ပါရာဆပ်,
PARASAT,ပါရာဆပ်,
PARI,ပါရီ,
PARL,ပါးရ်,mmaws
PARR,ပါး,
PART,ပါ့,
PAT,ပက်,Byee-Thara
PATEE,ပတီး,
PATHI,ပသီ,
PAU,ပေါင်,
PAUK,ပေါက်,
PAUL,ပေါလ်,
PAUNG,ပေါင်,
PAW,ပေါ်,
PAWK,ဖော့,
PAWT,ပေါ့,
PAY,ပေ,
PAYE,ပြည့်,
PE,ဖေ,
PEARL,ပုလဲ,
PEE,ပီး,Byee-Thara
PEIK,ပိတ်,Byee-Thara
PEIN,ပိန်း,Byee-Thara
PEINT,ပိမ့်,Byee-Thara
PEN,ပန်,
PEP,ပပ်ဖ်,mmaws
PER,ပါ,
PERING,ပီရင်း,
PET,ပက်,Byee-Thara
PETER,ပီတာ,
PETERS,ပီတာ,
PHA,ဖ,
PHAE,ပြည့်,
PHAI,ဖိုင်း,Byee-Thara
PHAIK,ဖိုက်,
PHAIKE,ဖိုက်,Byee-Thara
PHAIN,ဖင်,
PHAINE,ဖိုင်,Byee-Thara
PHAING,ဖိုင်,Byee-Thara
PHAL,ဖယ်,mmaws
PHALAR,ဖလာ,
PHAM,ဖမ်,Byee-Thara
PHAN,ဖန်,
PHANE,ဖိန်း,
PHANG,ဖန်,
PHANN,ဖန်း,Byee-Thara
PHANT,ဖန့်,
PHAR,ဖား,
PHAT,ဖက်,Byee-Thara
PHAUK,ဖောက်,Byee-Thara
PHAUNG,ဖောင်း,
PHAW,ဖော,
PHAY,ဖေ,
PHE,ဖယ်,
PHEE,ဖီး,
PHEIK,ဖိတ်,Byee-Thara
PHEIN,ဖိန်း,
PHEINT,ဖိမ့်,Byee-Thara
PHER,ဖာ,mmaws
PHET,ဖက်,Byee-Thara
PHEY,ဖေ,
PHI,ဖီ,
PHIKE,ဖိုက်,
PHILIP,ဖီလစ်,
PHILIPSAR,ဖီးလစ်စာ,
PHILLIP,ဖီလစ်,
PHIN,ဖင်,Byee-Thara
PHINE,ဖိုင်,Byee-Thara
PHINN,ဖင်း,Byee-Thara
PHINT,ဖင့်,Byee-Thara
PHIT,ဖစ်,Byee-Thara
PHLAING,ဖှိုင်,Byee-Thara
PHO,ဖိုး,
PHOANE,ဖုန်း,
PHOE,ဖိုး,
PHOH,ဖို့,Byee-Thara
PHOHT,ဖို့,Byee-Thara
PHOKE,ဖုတ်,Byee-Thara
PHOM,ဖုန်,
PHOME,ဘုန်း,
PHON,ဖွန်,
PHONE,ဖုန်း,ဖုန်း / ဘုန်း
PHONG,ဖောင်,
PHONT,ဖွန့်,Byee-Thara
PHOO,ဖူး,
PHOOL,ဖူး,
PHORN,ဖွမ်း,Nan OnePay
PHOT,ဖို့,mmaws
PHOUNG,ဖောင်း,
PHOW,ဖော်,
PHU,ဖူး,
PHUE,ဖူး,
PHUN,ဖွန်,Byee-Thara
PHUNN,ဖွန်း,Byee-Thara
PHUONG,ဖောင်,
PHUU,ဖူး,
PHWA,ဖွား,
PHWAL,ဖွယ်,mmaws
PHWAN,ဖွမ်,Byee-Thara
PHWAR,ဖွား,
PHWAY,ဖွေး,
PHWE,ဖွေး,
PHWINT,ဖွင့်,mmaws
PHY,ဖိုင်,Byee-Thara
PHYA,ဖျ,Byee-Thara
PHYAE,ပြည့်,
PHYAI,ပြည့်,
PHYAR,ဖြာ,
PHYAW,ဖျော်,Byee-Thara
PHYAWE,ဖွယ်,Byee-Thara
PHYAWT,ဖျော့,Byee-Thara
PHYAY,ဖြေ,Byee-Thara
PHYE,ဖြေး,Byee-Thara
PHYEE,ဖြီး,
PHYEO,ဖြိုး,mmaws
PHYIN,ဖျင်,
PHYINT,ဖြင့်,mmaws
PHYO,ဖြိုး,
PHYOE,ဖြိုး,
PHYONE,ပြုံး,
PHYT,ဖြစ်,
PHYU,ဖြူ,
PHYUE,ဖြူး,mmaws
PHYUSIN,ဖြူစင်,
PHYUU,ဖူး,
PI,ပီး,
PIERZYNSKI,ပယ်ရီဇိုင်စကီ,
PIG,ပစ်,mmaws
PIKE,ပိုက်,
PILLAY,ပီလေး,
PIN,ပင်,
PINE,ပိုင်,Byee-Thara
PING,ပင်း,
PINKY,ပင်ကီ,
PINN,ပင်း,Byee-Thara
PINNYA,ပညာ,
PINT,ပင့်,Byee-Thara
PINYEINDA,ပညိန္ဒ,
PIT,ပစ်,Byee-Thara
PITE,ပိုက်,
PIYA,ပီယ,
PJEI,ပန်းချီ,
PLAING,ပှိုင်,Byee-Thara
PLAZA,ပလာဇာ,
PLE,ပလီ,
PLESAY,ဖီဆေး,
PO,ပို,
POANT,ပုံ့,
POE,ပိုး,
POEEI,ပိုးအိ,
POET,ပို့,mmaws
POH,ပို့,
POHT,ပို့,Byee-Thara
POKE,ပုတ်,Byee-Thara
POLLARD,ပူလာဒ်,
POME,ပုမ်း,
PON,ပုံ,
PONE,ပုံ,
PONG,ပုံ,
PONNYA,ပုည,
PONT,ပွန့်,Byee-Thara
PONYA,ပုည,
POO,ပူး,Byee-Thara
POON,ပွန်း,mmaws
POP,ပေါ့,
PORT,ပေါ့,
POUK,ပေါက်,
PRA,ပါရာ,
PRADEEP,ပရာဒီပ်,
PRADIP,ပါရာဒစ်,
PRASAP,ပါရာဆပ်,
PRASAT,ပါရာဆပ်,
PREM,ပမ်,
PRICE,ပရိုက်,
PRIL,ပြီ,mmaws
PRIN,ပရင်,
PRINN,ပရင်,
PU,ပု,
PUE,ပူး,
PUL,ပေါ,
PUM,ပမ်,mmaws
PUN,ပွန်,Byee-Thara
PUNN,ပွန်း,Byee-Thara
PUU,ပူး,
PWA,ပွ,
PWAE,ဖွေး,Nan OnePay
PWAN,ပွမ်,Byee-Thara
PWAR,ပွား,
PWE,ပွယ်,
PWINT,ပွင့်,
PY,ပိုင်,Byee-Thara
PYA,ပျ,Byee-Thara
PYAE,ပြည့်,
PYAESONE,ပြည့်စုံ,
PYAH,ပြည့်,
PYAI,ပြည့်,
PYAING,ပြိုင်,mmaws
PYAN,ပျံ,
PYANNYA,ပညာ,
PYANT,ပျံ့,
PYAR,ပြာ,
PYAUNG,ပြောင်,
PYAW,ပျော်,
PYAWE,ပျော်,Byee-Thara
PYAWT,ပျော့,Byee-Thara
PYAY,ပြေ,
PYAYE,ပြည့်,
PYE,ပြေ,Byee-Thara
PYEAT,ပြည့်,
PYEE,ပြည့်,
PYEI,ပြည့်,
PYI,ပြည်,ပြည် / ပြည့်
PYIE,ပြည့်,
PYIEE,ပြည့်,
PYIN,ပြင်,
PYING,ပိုင်,
PYINNYAR,ပညာ,
PYINNYARTHARYA,ပညာသာရ,
PYINOOLWIN,ပြင်ဦးလွင်,
PYINSA,ပဉ္စ,mmaws
PYINYARBAWGA,ပညာဘောဂ,
PYINYARDIKA,ပညာဒီက,
PYO,ပျိုး,Byee-Thara
PYON,ပြုံ,mmaws
PYONE,ပြုံး,
PYU,ပျူ,Byee-Thara
PYUE,ပြူး,
QUEEN,ကွင်း,
R,အာ,
RA,ရ,
RACE,ရေ့စ်,mmaws
RACH,ရ,
RACHEL,ရေချယ်,
RADTHI,ရဒ်သီ,
RAI,ရိုင်း,Byee-Thara
RAIK,ရိုက်,Byee-Thara
RAIKE,ရိုက်,Byee-Thara
RAIM,ရိမ်,
RAIN,ရိန်,
RAINE,ရိန်း,
RAING,ရိုင်,Byee-Thara
RAJ,ရာ့ဂျ်,
RAJAR,ရာဂျာ,
RAJEEV,ရာဂျစ်ဗ်,
RAJEN,ရာဂျန်,
RAJESH,ရာဂျပ်ချ်,
RAJU,ရာဂျူး,
RAKHAR,ရာခါ,
RAKHINE,ရခိုင်,
RAL,ရယ်,
RAM,ရမ်,
RAMASH,ရာမက်ချ်,
RAME,ရာမီ,
RAMESH,ရာမက်ချ်,
RAMSEY,ရမ်းဆေး,
RAN,ရမ်,
RANCE,ရင့်စ်,mmaws
RANE,ရိန်,
RANG,ရန်း,mmaws
RANIE,ရန်နီ,
RANN,ရန်း,Byee-Thara
RANT,ရန့်,Byee-Thara
RAP,ရပ်,mmaws
RAR,ရာ,
RARN,ရားန်,
RASE,ရာ့စ်,
RASTOGI,ရက်စတိုဂီ,
RAT,ရတ်,
RATHAN,ရာသန်,
RAUK,ရောက်,Byee-Thara
RAVE,ရေ့ဒ်ဗ်,mmaws
RAVI,ရာဗီ,
RAW,ရော,
RAY,ရေး,
RAYM,ရမ်,
RAYMON,ရေမွန်,
RAYMOND,ရေမွန်,
RAZAT,ရာဇတ်,
RE,ရီ,
REBECCA,ရေဗက္ကာ,
REBEKAH,ရေဗက္ကာ,
REE,ရီး,
REENA,ရီနာ,
REH,ရချ်,
REHMAN,ရမာန်,
REIK,ရိတ်,Byee-Thara
REIM,ရိမ်,
REIN,ရိန်,
REINT,ရိမ့်,Byee-Thara
REN,ရင်န်,mmaws
RENU,ရီနူး,
RET,ရတ်,
RHIND,ရိုင်း,
RI,ရီ,
RICHARD,ရစ်ချက်,
RIE,ရီ,
RIL,ရယ်,mmaws
RIN,ရင်,Byee-Thara
RINE,ရင်း,
RING,ရင်း,mmaws
RINGO,ရင်ဂို,
RINN,ရင်း,Byee-Thara
RINT,ရင့်,Byee-Thara
RIS,ရစ်,mmaws
RIST,ရစ္စ,mmaws
RIT,ရာဇ်,
RITA,ရီတ,
RLAING,ရှိုင်,Byee-Thara
RO,ရို,
ROBERT,ရောဘတ်,
ROBIN,ရော်ဘင်,
ROBINSON,ရော်ဘင်ဆင်,
ROCK,ရော့ခ်,mmaws
ROE,ရိုး,Byee-Thara
ROH,ရို့,Byee-Thara
ROHT,ရို့,Byee-Thara
ROI,ရွယ်,
ROKE,ရုတ်,Byee-Thara
ROLAND,ရော်လန်,
ROM,ရွမ်,mmaws
ROMEO,ရိုမီယို,
RON,ရွန်,Byee-Thara
RONALD,ရော်နယ်,
RONE,ရုန်,Byee-Thara
RONLAR,ရွန်လာ,
RONT,ရွန့်,Byee-Thara
ROO,ရူး,Byee-Thara
ROON,ရွန်,
ROSA,ရိုဆာ,
ROSALIN,ရိုစလင်း,
ROSE,ရိုစ့်,
ROSEY,ရိုစီ,
ROSIE,ရိုစီ,
ROSS,ရော့စ်,
ROSSI,ရော့စီ,
ROSY,ရိုစီ,
ROUK,ရောက်,
ROUM,ရွမ်း,mmaws
ROWENA,ရိုဗီနာ,
ROWN,ရောင်းန်,mmaws
ROY,ရိုင်,
ROYAL,ရွိုင်ရယ်,
RU,ရု,
RUAT,ရွတ်,mmaws
RUBY,ရူဘီ,
RUM,ရမ်း,
RUN,ရွန်,
RUNN,ရွန်း,Byee-Thara
RUPA,ရူပ,
RUPAR,ရူပါ,
RUPER,ရူပါ,
RUSSEL,ရူဆယ်လ်,
RUSSELL,ရုစဲလ်,
RUTHA,ရုသ,
RUU,ရူး,Byee-Thara
RWA,ရွ,Byee-Thara
RWAN,ရွမ်,Byee-Thara
RWE,ရွေ,Byee-Thara
RY,ရီ,
RYA,ရ,Byee-Thara
RYAW,ရော်,Byee-Thara
RYAWE,ရွယ်,Byee-Thara
RYAWT,ရော့,Byee-Thara
RYAY,ရေ,Byee-Thara
RYE,ရေး,Byee-Thara
RYO,ရိုး,Byee-Thara
RYU,ရူ,Byee-Thara
S,အက်စ်,
S.PHONG,အက်စ်ဖုန်း,
SA,စ,
SABAE,စပယ်,
SABAI,စံပါယ်,
SABAL,စပယ်,
SABAR,စဘား,
SABE,စပယ်,
SABEI,စပယ်,
SABEL,စပယ်,
SABELLE,စပယ်လီ,
SABRA,ဆာဘရာ,
SAD,ဆဒ်,
SADID,ဆာ့ဒစ်,
SAE,ဆဲလ်,
SAFIT,စဖစ်,
SAGA,ဆဂ,
SAGAWAR,စကားဝါ,Nan OnePay
SAH,ဆက်,
SAI,စိုင်း,စိုင်း / ဆိုင်း
SAIK,ဆိုက်,
SAIKE,စိုက်,Byee-Thara
SAIN,စိုင်း,
SAINE,စိုင်,Byee-Thara
SAING,စိုင်း,စိုင်း / ဆိုင်း
SAINN,စိမ်း,
SAINT,စိမ့်,
SAITE,စိတ်,
SAK,ဆက်,
SAKAR,စကား,
SAKKA,စာက,
SAKYE,စကီး,
SAL,ဆယ်,
SALAI,ဆလိုင်း,
SALE,ဆေးလ်,
SALIM,ဆလင်း,
SALIMA,စလီမာ,
SALIN,စလင်း,
SALINE,ဆလိုင်း,
SALO,စလို,
SAM,ဆန်း,
SAMSON,ဆမ်ဆွမ်း,
SAMUEL,ဆင်မြူရယ်,
SAMYA,ဆမ်ရာ,
SAN,စန်း,စန်း / စံ / ဆန်း
SANAY,စနေ,
SANDA,စန္ဒာ,
SANDAGHOO,စန္ဒကူး,
SANDAKUU,စန္ဒကူး,
SANDANA,ဆန္ဒဏ,
SANDAR,စန္ဒာ,
SANDARA,စန္ဒြာ,mmaws
SANDAW,ဆံတော်,
SANDAWBARTHA,စံတော်ဘာသ,
SANDER,စန္ဒာ,
SANDI,စန္ဒီ,
SANDIMARTHIRI,စန္ဒိမာသိရီ,
SANDOBHACA,သန္ဒောဘာက,
SANDRA,စန္ဒြာ,
SANDY,စန္ဒီ,
SANE,စိမ်း,
SANG,စန်း,
SANGETHA,သဃန္တ,
SANJAY,စံဂျေး,
SANJE,စံဂျေး,
SANJEEV,စန်ဂျေး,
SANJIKE,စန်ဂျိုက်,
SANKAR,စန်ခါ,
SANN,စန်း,စန်း / ဆန်း
SANNI,ဆန်နီ,
SANT,ဆန့်,
SAO,စဝ်,
SAP,ဆပ်,
SAPAE,စပယ်,
SAPAI,စပိုင်,
SAPAIL,စံပါယ်,
SAPAL,စပယ်,
SAPEL,စပယ်,
SAR,စာ,
SARA,ဆာရာ,
SARAH,ဆာရာ့ချ်,
SARAM,စရမ်,
SARBI,ဆာဘီ,
SASAKI,စစကီ,
SAT,စက်,
SATHA,စသာ,
SATISH,ဆတီး,
SATIT,စတစ်,
SATKANT,စက္ကန့်,mmaws
SATO,စတို,
SATT,စက်,စက် / ဆက်
SAU,ဆော့,
SAUK,စောက်,Byee-Thara
SAUNG,ဆောင်း,
SAW,စော,
SAWM,ဆောမ်း,
SAWN,ဆွမ်,
SAWNG,ဆွမ်,
SAWR,ဆွာ,
SAY,စေး,
SAYA,ဆရာ,
SAYADAW,ဆရာတော်,
SAYAMA,ဆရာမ,
SAYAR,ဆရာ,
SAYARS,ဆာယာ,
SCA,စက်,
SCHILLER,ရှယ်လာ,
SCOTT,စကော့,
SE,စည်,
SEAIN,စိမ်း,
SEAY,စေး,
SECK,ဆက်,
SEDABEKGO,စီဒဘက်ဂို,
SEE,ဆီး,ဆီး / စီး
SEEIN,စိန်,
SEIK,စိတ်,Byee-Thara
SEIM,စိမ်း,
SEIN,စိန်,စိန် / စိမ်
SEINE,စိမ်း,
SEING,စိန်,
SEINN,စိမ်း,
SEINT,စိမ့်,
SEK,ဆက်,
SEKKYA,စင်္ကြာ,mmaws
SEKKYAR,စင်္ကြာ,mmaws
SEL,ဆဲလ်,
SELL,ဆဲလ်,mmaws
SELVAKUMAR,ဆယ်ဗာကူးမား,
SENDA,စန္ဒာ,
SENG,စိုင်,Nan OnePay
SENT,ဆမ့်,
SEPH,စက်ဖ်,mmaws
SEPTEMBER,စက်တင်ဘာ,
SET,ဆက်,
SETHU,စည်သူ,
SETKYA,စင်္ကြာ,mmaws
SETKYAR,စင်္ကြာ,mmaws
SETT,ဆက်,
SEY,စီ,mmaws
SEZ,စက်,
SGAWAR,စကားဝါ,
SHA,ရှ,
SHAE,ရှေ့,
SHAESAUNG,ရှေ့ဆောင်,
SHAI,ဆိုင်,
SHAIN,ရှိုင်း,
SHAINE,ရှိုင်း,
SHAL,ရှယ်,mmaws
SHAM,ရှမ်း,
SHAN,ရှမ်း,
SHANDY,စန္ဒီ,
SHANE,ရှိန်း,
SHANGANG,ရှမ်ဂမ်,Nan OnePay
SHANKAR,ရှန်ကာ,
SHANN,ရှန်း,
SHANTE,ဆန္ဒီ,
SHANTI,သျှန္တီ,mmaws
SHAR,ရှား,
SHARM,ရှာမ်,mmaws
SHARMA,ရှမား,
SHARYE,သျှားရီ,
SHAUK,ရှောင်မ်,Nan OnePay
SHAUNG,ရှောင်,mmaws
SHAUT,ရှောက်,
SHAW,ရှော,
SHAWE,ရွှေ,
SHAY,ရှည်,
SHE,ရှီ,
SHEE,ရှီး,
SHEIK,ရှိတ်,
SHEIN,ရှိန်,
SHEINN,ရှိန်း,
SHEL,ရှယ်,mmaws
SHEN,ရှန်,
SHENG,ရှန်,
SHERIDAN,ရှယီဒန်,
SHI,ရှီ,
SHIBA,ရှီးဘား,
SHIE,ရှီး,
SHIN,ရှင်း,
SHINE,ရှိုင်း,
SHINN,ရှင်း,
SHINT,ရှင့်,
SHIT,ရှစ်,
SHNA,စနား,
SHNAR,စနား,
SHO,လျို,
SHOE,ရှိုး,
SHOKE,ရှုတ်,
SHOLAY,ရှိုးလေး,
SHON,ရွှန်း,
SHONE,ရွှန်း,
SHONG,ရှောင်း,
SHONN,ရွှန်း,
SHOOE,ရှိုး,
SHOON,ရွှန်း,
SHOUK,ရှောက်,
SHOUT,ရှောက်,
SHOW,ရှိုး,
SHOWE,ရှိုး,
SHU,ရှု,
SHUE,ရှု,
SHUKLA,ရှုကလာ,
SHUMAWA,ရှုမဝ,
SHUME,ရွှန်းမီ,
SHUN,ရွှန်း,
SHUNE,ရွှန်း,
SHUNN,ရွှန်း,
SHWAE,ရွှေ့,mmaws
SHWE,ရွှေ,
SHWELI,ရွှေလီ,
SHWESIN,ရွှေစင်,
SHWIN,ရွှင်,
SHWUN,ရွှန်း,
SHYAM,ဆာယမ်,
SHYAN,သျှမ်း,
SI,စည်,
SIAM,ရှင်း,
SIAN,ရှန်း,
SIC,စစ်,
SIDDHI,သိဒ္ဓိ,mmaws
SIDE,ဆိုက်,
SIDNEY,ဆစ်ဒနေ,
SIE,စည်,
SII,စည်,
SIKE,ဆိုက်,
SIKU,စီကူး,
SIL,ဆဲလ်,mmaws
SILA,သီလ,
SILVER,ဆေးဗား,
SIM,ဆင်း,
SIMON,ဆိုင်မွန်,
SIN,စင်,
SINC,ဆင့်,
SINE,စိုင်,Byee-Thara
SING,ရှင်း,
SINGH,ဆင်း,
SINN,စင်း,
SINT,ဆင့်,
SIRI,သီရ,
SIS,စစ်,
SIT,စစ်,
SITA,စီတာ,
SITE,စိုက်,
SITHAR,စည်သာ,Nan OnePay
SITHTILA,SITHTILA,*
SITHU,စည်သူ,
SITT,စစ်,
SLAING,စှိုင်,Byee-Thara
SLAUGHTER,စလောတာ,
SMILE,စမိုင်းလ်,
SMITH,စမစ်,
SNADAR,စန္ဒာ,mmaws
SNOW,စနိုး,
SO,ဆို,
SOAN,စုံ,
SOE,စိုး,
SOEE,စိုး,
SOFIA,ဆိုဖီယာ,
SOH,စို့,Byee-Thara
SOHIT,ဆိုဟစ်,
SOHT,စို့,Byee-Thara
SOI,စွဲ့,mmaws
SOKE,စုတ်,Byee-Thara
SOKKA,စုက္က,mmaws
SOLOMON,ဆိုလိုမွန်,
SON,စွန်,
SONAR,ဆိုနာ,
SONE,စုံ,
SONG,ဆောင်း,
SONI,ဆိုနီ,
SONNY,ဆိုနီ,
SONT,စွန့်,Byee-Thara
SOO,စူး,Byee-Thara
SOOF,ဆော့,
SOON,ဆွန်း,
SOOT,ဆွပ်,
SOPHIE,ဆိုဖီ,
SOT,ဆော့,
SOUL,စိုး,
SOUM,ဆုမ်း,mmaws
SOUNG,ဆောင်း,
STAI,စတိုင်း,
STANLEY,စတန်လေ,
STAR,စတား,
STEINER,စတိုင်းနာ,
STEL,စတယ်,
STELLA,စတယ်လာ,
STEPHEN,စတီဖင်,
STEVEN,စတီဗင်,
STORE,စတိုး,
SU,စု,ဆု / စု
SUAN,ဆွန်း,
SUB,ဆပ်,
SUCK,စက်,
SUE,ဆူး,
SUI,ဆွီး,
SUM,ဆမ်,
SUMONDRA,ဆုမွန်ဒြာ,
SUN,စန်း,
SUNDER,ဆန်းဒါး,
SUNDI,စန္ဒီ,
SUNDY,စန္ဒီ,
SUNEEL,ဆုနီး,Nan OnePay
SUNG,ဆုမ်း,
SUNI,ဆူနီ,
SUNIL,ဆူနေး,
SUNIT,ဆနစ်,
SUNITHAR,ဆူနီသာ,
SUNN,စန်း,
SUNNI,ဆန်နီ,
SUNNY,ဆန်နီ,
SUNSHINE,ဆန်းရှိုင်း,
SUNT,ဆန့်,
SUNTHAR,ဆန်းသာ,
SUP,ဆပ်,
SUPER,စူပါ,
SURESH,ဆူရာ့ချ်,
SURESHBHAI,ဆူရာ့ချ်ဘိုင်,
SURI,ဆူရိ,
SUT,ဆွန့်,
SUTEE,စုတီ,
SUU,စု,စု / ဆု
SUUM,ဆုန်,
SUUN,ဆန်း,
SUZAN,စူဇန်,
SUZI,ဆူဇီ,
SWA,ဆွာ,
SWAE,ဆွဲ,
SWAL,ဆွယ်,
SWAM,စွမ်း,
SWAN,စွမ်း,
SWANN,စွမ်း,
SWANT,ဆွမ့်,
SWAR,ဆွာ,
SWAT,ဆွပ်,
SWAY,ဆွေ,
SWAYE,ဆွေး,
SWE,ဆွေ,
SWE`,ဆွဲ,
SWEAT,ဆွဲ့,Nan OnePay
SWEE,ဆွီး,
SWEET,ဆွိ,
SWEETY,ဆွိတီ,
SWEL,ဆွယ်,
SWET,စွဲ့,mmaws
SWIN,ဆွင်,
SWINE,ဆွင်း,
SWON,စွန်း,
SWOUT,စွပ်,mmaws
SWUN,စွမ်း,
SWUT,ဆွတ်,mmaws
SXYAN,ဆွမ်,Nan OnePay
SY,စိုင်,Byee-Thara
SYA,စျ,Byee-Thara
SYAW,စော်,Byee-Thara
SYAWE,စွယ်,Byee-Thara
SYAWT,စော့,Byee-Thara
SYAY,စေ,Byee-Thara
SYE,စေး,Byee-Thara
SYN,စင်,
SYO,စိုး,Byee-Thara
SYU,စု,Byee-Thara
T,တီ,
TA,တ,
TAA,တာ,
TAE,တေး,
TAGU,တန်ခူး,
TAHUNG,ထောင်,
TAI,တိုင်,
TAIK,တိုက်,
TAIKE,တိုက်,Byee-Thara
TAIN,တိန်,Byee-Thara
TAINE,တိုင်,Byee-Thara
TAING,တိုင်,Byee-Thara
TAINT,တိန့်,
TAK,တက်,mmaws
TAKASHI,တာကာရှီ,
TAKE,တိတ်,
TAKKA,တက္ခ,mmaws
TAL,တည်,
TALA,သလာ,
TALAR,သလာ,
TAM,တမ်,Byee-Thara
TAMATHARRA,တ္တမသာရ,
TAMLAR,တမ်လာ,
TAMURA,တုမုယာ,
TAN,တန်,
TANE,တိမ်း,
TANG,တန်,
TANN,တန်း,
TANT,တန့်,Byee-Thara
TAR,တာ,
TARMALAR,တာမလာ,
TARYAR,တာရာ,
TAT,တက်,
TAUK,တောက်,Byee-Thara
TAUN,ထောင်း,
TAUNG,တောင်,
TAUNK,သောင်း,
TAUT,တောက်,mmaws
TAW,တော်,
TAWNG,တောင်,
TAY,တေ,
TAYA,တာရာ,
TAYAR,တာရာ,
TAYLOR,တေလာ,
TAYZA,တေဇ,
TAYZAR,တေဇာ,
TAYZER,တေဇာ,
TAZAR,တေဇာ,
TE,တီ,
TEE,တီး,
TEEL,တီးလ်,mmaws
TEIK,တိတ်,Byee-Thara
TEIN,တိန်း,Byee-Thara
TEINT,တိမ့်,Byee-Thara
TEJA,တေဇ,
TEJANIYA,တေဇနိယ,
TEJAS,တေးဂျက်စ်,
TEKKA,တက္ခ,mmaws
TER,တာ,
TET,တက်,
TEYZA,တေဇ,
TEZA,တေဇ,
TEZAR,တေဇာ,
THA,သ,
THABYAE,သပြေ,
THABYE,သဘိုင်,
THADA,သဒ္ဓါ,mmaws
THADAMA,သဓ္ဓမ,
THADAR,သဒ္ဒါ,
THADDI,သိဒ္ဓိ,mmaws
THADI,သတ္တိ,
THAE,သဲ,
THAE`,သဲ,
THAESU,သဲစု,
THAET,သက်,
THAGYAN,သင်္ကြန်,
THAGYIN,သင်္ကြန်,
THAI,ထိုင်း,
THAIK,သိုက်,
THAIKE,သိုက်,Byee-Thara
THAIN,သိန်,Byee-Thara
THAINE,သိုင်,Byee-Thara
THAING,သိုင်း,
THAINGI,သိင်္ဂီ,mmaws
THAINT,သိမ့်,
THAIR,သဲ,
THAK,သောက်,
THAKA,သက,
THAKHIN,သခင်,
THAKIN,သခင်,
THAKYAN,သင်္ကြန်,
THAL,သဲ,
THALA,သလ,
THALAR,သလ္လာ,mmaws
THAM,သမ်,
THAMIN,သမင်း,
THAN,သန်း,
THANAR,သန္တာ,
THANBU,သမ္ဘူ,mmaws
THANDA,သန္တာ,
THANDAR,သန္တာ,
THANDR,သန္တာ,
THANDRA,သန္ဒြာ,mmaws
THANE,သန်း,
THANG,ထန်,
THANK,သန့်,
THANLA,သံလ,
THANMAR,သမ္မာ,mmaws
THANN,သန်း,
THANT,သန့်,
THANTAR,သံသာ,
THANTHAR,သံသာ,
THANZIN,သံစဉ်,
THAPYAE,သပြေ,
THAPYAY,သပြေ,
THAR,သာ,
THARA,သရ,
THARAPHE,သရဖီ,
THARAPHEE,သရဖီ,
THARAPHI,သရဖီ,
THARAPHU,သရဖူ,
THARAPHY,သရဖီ,
THAREE,သာရီ,
THARYA,သာရ,
THAT,သက်,
THATHTAR,သက်ထား,
THATTI,သတ္တိ,mmaws
THAUK,သောက်,Byee-Thara
THAUNG,သောင်း,
THAW,သော်,
THAWDA,သော်တာ,
THAWDAR,သော်တာ,
THAWE,သွယ်,
THAWL,သွယ််,
THAWNG,ထောင်း,
THAWT,သော့,
THAWTAR,သော်တာ,
THAY,သေ,Byee-Thara
THAYA,သရ,
THAYAPHEE,သရဖီ,
THAYAPHI,သရဖီ,
THAYAPHU,သရဖူ,
THAYI,သရီ,
THAZIN,သဇင်,
THE,သဲ,
THE`,သဲ,
THEA,သဲ,
THEAL,သဲ,
THED,သက်,
THEE,သီး,
THEI,သိန်း,
THEIDDAT,သိဓ္ဓတ်,mmaws
THEIH,ထိပ်,
THEIK,သိုက်,
THEIKHA,သိင်္ခ,mmaws
THEIM,သိမ်း,
THEIMT,သိမ့်,
THEIN,သိန်း,
THEINGA,သိင်္ဃ,mmaws
THEINGAR,သိင်္ဂါ,mmaws
THEINGE,သိမ့်ငယ်,
THEINGEE,သိင်္ဂီ,
THEINGI,သိင်္ဂီ,
THEINKHA,သိင်္ခ,
THEINN,သိန်း,
THEINT,သိမ့်,
THEIPPAN,သိပ္ပံ,
THEIT,သိမ့်,
THEITPAN,သိပ္ပံ,mmaws
THEL,သဲ,
THEMAR,သဲမာ,
THENIGI,သိင်္ဂီ,
THER,သာ,
THERAPHY,သရဖီ,
THET,သက်,
THETKA,သက္က,mmaws
THETSHAN,သက်ရှမ်း,
THI,သီ,
THIDA,သီတာ,
THIDAGU,သီတဂူ,
THIDAR,သီတာ,
THIE,သီး,
THIEIN,*--,*
THIHA,သီဟ,
THIKE,သိုက်,
THILAR,သီလာ,
THIN,သင်း,
THINCHAR,သင်္ချာ,mmaws
THINCHAY,သင်္ချေ,mmaws
THINE,သိုင်,Byee-Thara
THINGGUM,သင်္ကြန်,
THINGI,သင်္ဂီ,Nan OnePay
THINGYAN,သင်္ကြန်,
THINGYIN,သင်္ကြန်,
THINGYNN,သင်္ကြန်,
THINHSE,သိဉ္စည်း,mmaws
THINKAY,သင်္ကေ,mmaws
THINKHA,သင်္ခ,mmaws
THINN,သင်း,
THINT,သင့်,
THINZA,သင်ဇာ,
THINZALI,သင်ဇလီ,
THINZAR,သင်ဇာ,
THINZU,သဉ္ဇူ,mmaws
THIP,သစ်,
THIRAINDA,သိရိန္ဒ,
THIRI,သီရိ,
THISAR,သစ္စာ,
THISSAR,သစ္စာ,
THIT,သစ်,
THITAGU,သီတဂူ,
THITAR,သီတာ,
THITSA,သစ္စာ,
THITSAR,သစ္စာ,
THIYI,သီရိ,
THIZAR,သီဇာ,
THLAING,သှိုင်,Byee-Thara
THO,သို,
THOE,သိုး,Byee-Thara
THOH,သို့,Byee-Thara
THOHT,သို့,Byee-Thara
THOKE,သုတ်,Byee-Thara
THOMAS,သောမက်စ်,
THON,သွန်း,
THONDARA,သုန္ဒရ,
THONE,သုန်,
THONEDARA,သုန္ဒရ,
THONT,သွန့်,Byee-Thara
THOO,သူး,
THOON,သွန်း,
THOSE,သို့,
THOT,သို့,
THOUK,သောက်,mmaws
THOUNG,သောင်း,
THOUT,သောက်,
THU,သူ,
THUDAMA,သုဓမ္မ,
THUDAW,သုဒ္ဓေါ,mmaws
THUKA,သုခ,
THUKHA,သုခ,
THULAY,သုလေ,
THUMANA,သုမန,
THUN,သွန်း,
THUNN,သွန်း,
THURA,သူရ,
THURAIN,သူရိန်,
THUREIN,သူရိန်,
THUREYIN,သူရိန်,
THURIN,သူရိန်,
THURIYA,သူရိယ,
THUTA,သုတ,
THUU,သူ,
THUWUN,သုဝဏ်,
THUWUNN,သုဝဏ်,
THUYA,သူရ,
THUYEIN,သူရိန်,
THUZA,သူဇာ,
THUZAR,သူဇာ,
THWA,သွ,Byee-Thara
THWAL,သွယ်,
THWAN,သွမ်,Byee-Thara
THWAR,သွား,mmaws
THWAT,သော့,mmaws
THWAY,သွေး,
THWE,သွယ်,
THWEL,သွယ်,
THWET,သွယ့်,
THWIN,သွင်,
THWINT,သွင့်,mmaws
THWLE,သွယ်,
THWN,သွင်,
THY,သိုင်,Byee-Thara
THYA,သျ,Byee-Thara
THYAW,သော်,Byee-Thara
THYAWE,သွယ်,Byee-Thara
THYAWT,သော့,Byee-Thara
THYAY,သေ,Byee-Thara
THYE,သေး,Byee-Thara
THYKE,သိုက်,
THYNN,သင်း,
THYO,သိုး,Byee-Thara
THYU,သျူ,Byee-Thara
TI,တီ,
TIDE,တိုက်,mmaws
TII,တီ,
TIKE,တိုက်,
TIMOTHY,တင်မိုသီ,
TIN,တင်,
TINE,တိုင်,Byee-Thara
TINN,တင်း,Byee-Thara
TINNAVATI,တင်နဗာတီ,
TINT,တင့်,
TINZAR,သင်ဇာ,
TIP,တစ်ပ်,
TIT,တစ်,Byee-Thara
TIYA,တိရ,
TLAING,တှိုင်,Byee-Thara
TN,တင်,
TO,တို,Byee-Thara
TOAT,တုတ်,
TOE,တိုး,
TOH,တို့,Byee-Thara
TOHT,တို့,Byee-Thara
TOKE,တုတ်,
TOM,တွမ်,
TOMMY,တော်မီ,
TON,တွန်,Byee-Thara
TONE,တုန်း,
TONT,တွန့်,Byee-Thara
TONY,တိုနီ,
TOO,တူး,
TOR,သော,
TOTE,တုတ်,
TOTTY,တော်တီ,
TOUT,တောက်,mmaws
TRA,တြာ,mmaws
TRAR,တာရာ,
TREZA,ထရီဇာ,
TRI,တြီ,mmaws
TSAWM,တွမ်,
TSH,သဲ,
TSIN,စင်,
TU,တူး,
TUANG,တွမ်,
TUE,တူး,
TUN,ထွန်း,
TUNG,တောင်,
TUNN,ထွန်း,
TUU,တူး,
TWA,တွ,Byee-Thara
TWAL,တွယ်,
TWAM,တွမ်,mmaws
TWAN,တွမ်,Byee-Thara
TWANN,တွန်း,
TWAR,တွာ,mmaws
TWAY,တွေ,
TWE,တွယ်,
TWEL,တွယ်,
TWETAR,တွယ်တာ,
TWIN,သွင်,
TWO,တူး,
TWUN,တွမ်း,mmaws
TY,တိုင်,
TYA,တွ,Byee-Thara
TYAW,တော်,Byee-Thara
TYAWE,တွယ်,Byee-Thara
TYAWT,တော့,Byee-Thara
TYAY,တေ,Byee-Thara
TYE,တေး,Byee-Thara
TYNE,တိုင်းန်,
TYO,တိုး,Byee-Thara
TYU,တူ,Byee-Thara
U,ဦး,
U.,ဦး,
UA,ဝါ,mmaws
V,ဗွီ,mmaws
VA,ဗ,
VALL,ဗဲ,
VAN,ဗန်,
VANDHANA,ဗဓန္န,
VANG,ဗန်,
VANN,ဗန်း,
VAR,ဗား,
VER,ဗား,mmaws
VI,ဗီ,
VIC,ဗစ်,mmaws
VICTOR,ဗစ်တာ,
VICTORIOUS,ဗစ်တိုးရီးယက်စ်,
VID,ဗစ်,mmaws
VIE,ဗီ,mmaws
VILLA,ဗီလာ,
VIN,ဗင်,
VINOD,ဗီနော့်ဒ်,
VISUTA,ဗိဆုတ,
VIT,ဗစ်,
VUI,ဗွီး,
VUNG,ဗုန်,
WA,ဝ,
WADDY,ဝတီ,
WADE,ဝတီ,
WADI,၀တီ,
WADY,ဝတီ,
WAH,ဝါ,
WAI,ဝေ,
WAIK,ဝိုက်,Byee-Thara
WAIKE,ဝိုက်,Byee-Thara
WAILU,ဝေဠု,
WAIN,ဝိန်,Byee-Thara
WAINDA,ဝိန္ဒ,
WAINE,ဝိုင်,Byee-Thara
WAING,ဝိုင်း,
WAIT,ဝိတ်,
WAIYAN,ဝေယံ,
WAL,ဝယ်,mmaws
WALAR,ဝလာ,
WALINTON,ဝယ်လင်တန်,
WALTER,ဝေါလ်တာ,
WALTON,ဝဲလ်တန်,
WAM,ဝမ်,
WAN,ဝန်,
WANA,ဝန,
WANAR,ဝနာ,
WANDY,ဝမ်ဒီ,
WANE,ဝိန်,mmaws
WANG,ဝမ်,
WANN,ဝမ်း,
WANNA,ဝဏ္ဏ,
WANT,ဝန့်,Byee-Thara
WAR,ဝါ,
WARA,ဝါယ,
WARLAR,ဝါလာ,
WARR,ဝါး,
WARTHAWA,ဝါသယ,
WARZI,ဝါဇီ,
WAT,ဝက်,Byee-Thara
WATA,ဝံန္တ,
WATE,ဝိတ်,
WATHAN,ဝဿန်,
WATHON,ဝသုန်,
WATHONE,ဝသုန်,
WATI,ဝဒီ,
WATYI,ဝတ်ရည်,
WAUK,ဝေါက်,Byee-Thara
WAW,ဝေါ,Byee-Thara
WAY,ဝေ,
WAYA,၀ရ,
WAYAT,ဝရတ်,
WAYT,ဝက်,
WE,ဝီ,
WEE,ဝီး,Byee-Thara
WEI,ဝေ,
WEIK,ဝိတ်,Byee-Thara
WEIN,ဝိန်း,Byee-Thara
WEINT,ဝိမ့်,Byee-Thara
WEL,ဝယ်လ်,mmaws
WET,ဝက်,Byee-Thara
WHA,ဝှာ,
WHAR,ဝှား,
WHITE,ဝှိုက်,
WI,ဝီ,
WIGIN,ဝီဂင်,
WILLIAM,ဝီလီယမ်,
WILLIAMS,ဝီလျံ,
WILLION,ဝဲလ်လင်,
WILSON,ဝေးလ်ဆန်,
WIMM,ဝင်း,
WIN,ဝင်း,
WINE,ဝိုင်း,
WINEE,ဝင်နီ,
WING,ဝင်း,
WINN,ဝင်း,
WINNA,ဝဏ္ဏ,
WINNE,ဝင်နီ,
WINNI,ဝင်နီ,
WINNIE,ဝင်နီ,
WINT,ဝင့်,
WIRA,ဝိယ,
WISEIKTA,ဝိစိတ္တ,
WIT,ဝတ်,
WITHONDA,ဝသုန္ဒ,
WITHUTA,ဝိသုတ,
WITT,ဝတ်,
WITTYI,ဝတ်ရည်,
WITYE,ဝတ်ရည်,
WITYEE,ဝတ်ရည်,
WITYI,ဝတ်ရည်,
WLAING,ဝှိုင်,Byee-Thara
WN,ဝင်း,
WO,ဝို,Byee-Thara
WOE,ဝိုး,
WOH,ဝို့,Byee-Thara
WOHN,ဝုန်,
WOHT,ဝို့,Byee-Thara
WOKE,ဝုတ်,Byee-Thara
WON,ဝန်း,Nan OnePay
WONE,ဝုန်,
WONG,ဝမ်,
WONNA,ဝဏ္ဏ,
WONT,ဝွန့်,Byee-Thara
WOO,ဝူး,Byee-Thara
WOON,ဝုန်း,
WOR,ဝါ,
WOT,ဝဒ်,
WOU,ဝူ,mmaws
WOUT,ဝတ်,
WU,ဝု,Byee-Thara
WUDA,ဝံတ္တ,
WUIT,ဝတ်,
WULI,ဝူလိ,
WUN,ဝဏ်,
WUNA,ဝဏ္ဏ,
WUNN,ဝန်း,
WUNNA,ဝဏ္ဏ,
WUNTHA,ဝံသ,
WUT,ဝတ်,
WUT YE,ဝတ်ရည်,
WUTHMONE,ဝတ်မှုံ,
WUTT,ဝတ်,
WUTTYE,ဝတ်ရည်,
WUTTYEE,ဝတ်ရည်,
WUTTYI,ဝတ်ရည်,
WUTYE,ဝတ်ရည်,
WUTYEE,ဝတ်ရည်,
WUTYI,ဝတ်ရည်,
WUU,ဝူး,Byee-Thara
WUUT,ဝတ်,
WWA,ဝွ,Byee-Thara
WWAN,ဝမ်,Byee-Thara
WWE,ဝီး,Byee-Thara
WY,ဝိုင်,Byee-Thara
WYA,ဝျ,Byee-Thara
WYAW,ဝေါ်,Byee-Thara
WYAWE,ဝွယ်,Byee-Thara
WYAWT,ဝေါ့,Byee-Thara
WYAY,ဝေး,Byee-Thara
WYE,ဝေး,Byee-Thara
WYIT,ဝတ်,
WYNE,ဝိုင်း,
WYNN,ဝင်း,
WYO,ဝိုး,Byee-Thara
WYU,ဝူး,Byee-Thara
WYUT,ဝတ်,
XANDER,ဇန္ဒား,mmaws
XIE,ဇီး,
XOOR,ဇော,
XTIKE,ထိုက်,
XUAN,ဇွမ်,
Y,ဝိုင်,
YA,ယ,
YACOOB,ယာကွတ်,
YADANA,ရတနာ,
YADANAR,ရတနာ,
YADE,ရတီ,
YADI,ရတီ,
YAE,ရဲ,
YAEKET,ရေကတ်,
YAH,ယား,
YAHMON,ရမှုံ,
YAI,ရဲ့,
YAIK,ယိုက်,Byee-Thara
YAIKE,ယိုက်,Byee-Thara
YAIN,ရိန်,
YAINE,ယိန်း,
YAING,ယိုင်,Byee-Thara
YAINT,ယိမ့်,mmaws
YAIR,ရဲ,
YAKE,ရိပ်,
YAL,ရယ်,
YAM,ရမ်,
YAMAKA,ယာမကာ,
YAMIN,ယမင်း,
YAMINN,ယမင်း,
YAMOM,ယမှုံ,
YAMON,ယမုံ,
YAMONE,ယမုံ,
YAMONG,ယမုံ,
YAN,ရန်,
YANANT,ရနံ့,
YANDANAR,ရတနာ,
YANG,ရမ်း,
YANN,ရန်,
YANT,ယန့်,Byee-Thara
YAR,ရာ,
YARE,ရဲ,
YARJ,ရာ့ဂျ်,
YARZA,ရာဇာ,
YARZAR,ရာဇာ,
YAT,ယတ်,
YATANA,ရတနာ,
YATANAR,ရတနာ,
YATI,ရတီ,
YAUK,ယောက်,Byee-Thara
YAUNG,ရောင်,
YAVANANGKUL,ရဗနန်ဂူးလ်,
YAW,ယော်,
YAWAI,ရဝေ,
YAWNG,ယောင်း,
YAWT,ရော့ဒ်,mmaws
YAY,ရေ,
YAZANA,ယဇန,
YAZAR,ရာဇာ,
YE,ရဲ,ရဲ / ရီ / ရည်
YE`,ရဲ,
YEA,ရဲ,
YEE,ရီ,
YEIK,ရိပ်,
YEIN,ရိန်,
YEINT,ယိမ့်,Byee-Thara
YEL,ရဲ,
YELL,ရဲ,
YEM,ရဲမ်,
YEN,ရမ်,
YEO,ရို,
YET,ရက်,
YI,ရီ,
YIE,ရီ,
YIMON,ရည်မွန်,
YIN,ယဉ်,ရင် / ယဉ်
YINE,ယိုင်,Byee-Thara
YING,ယိမ်,
YINGTSAWM,ရင့်တွမ်,
YINMAR,ယင်းမာ,
YINN,ယဉ်,ရင် / ယဉ်
YINT,ရင့်,
YIT,ရစ်,
YIYWAL,ရိရွဲ,
YLAING,ယှိုင်,Byee-Thara
YO,ယို,
YOE,ရိုး,
YOGALAL,ရိုဂလာ,
YOGALAR,ရိုဂလာ,
YOH,ယို့,Byee-Thara
YOHT,ယို့,Byee-Thara
YOKE,ယုတ်,Byee-Thara
YOM,ယုံ,
YON,ယွန်,
YONE,ယုန်,
YONG,ယောင်း,
YONN,ယွန််း,
YONT,ယွန့်,Byee-Thara
YOO,ယူး,Byee-Thara
YOON,ယွန်း,
YOPE,ရုပ်,mmaws
YOR,ယွာရ်,Nan OnePay
YOTE,ရုပ်,mmaws
YOU,ယု,
YOUM,ရွမ်း,mmaws
YOUN,ယွန်း,
YOUNG,ရမ်း,
YOY,ရိုင်,
YU,ယု,
YUE,ရွယ်,
YUKA,ယူက,
YUN,ယွန်း,
YUNE,ယွန်း,
YUNN,ယွန်း,
YUPA,ရူပ,
YUPAR,ရူပါ,
YUT,ရွတ်,mmaws
YUU,ရူး,
YUUPAR,ရူပါ,
YUZANA,ယုဇန,
YUZUNA,ယုဇန,
YWA,ရွ,Byee-Thara
YWAE,ရွေ့,mmaws
YWAL,ရွယ်,
YWAN,ရွမ်,Byee-Thara
YWAR,ရွာ,mmaws
YWAT,ရွက်,
YWE,ရွဲ,
YWET,ရွက်,mmaws
YWIN,ယွမ်,
YY,ယိုင်,Byee-Thara
YYA,ယျ,Byee-Thara
YYAW,ရော်,Byee-Thara
YYAWE,ရွယ်,Byee-Thara
YYAWT,ရော့,Byee-Thara
YYAY,ရေ,Byee-Thara
YYE,ရေး,Byee-Thara
YYO,ရိုး,Byee-Thara
YYU,ရူ,Byee-Thara
Z,ဇက်,
ZA,ဇ,
ZAAW,ဇော်,
ZABAI,စပယ်,
ZABALA,ဇာဘာလ,
ZABU,ဇမ္ဗူ,
ZAE,ဇေ,
ZAI,ဇိုင်း,Byee-Thara
ZAIK,ဇိုက်,Byee-Thara
ZAIKE,ဇိုက်,Byee-Thara
ZAIN,ဇိန်,Byee-Thara
ZAINE,ဇိုင်,Byee-Thara
ZAING,ဇိုင်,Byee-Thara
ZAL,ဇဲလ်,
ZALI,ဇလီ,
ZALL,ဇော,
ZAM,ဇမ်,
ZAMT,ဇမ့်,
ZAN,ဇန်,
ZANA,ဇန,
ZANE,ဇိန်း,mmaws
ZANG,ဇန်း,
ZANITA,ဇန္နိက,
ZANN,ဇန်း,Byee-Thara
ZANT,ဇန့်,Byee-Thara
ZANW,ဇော်,mmaws
ZAR,ဇာ,
ZARCHI,ဇာခြည်,
ZARGARA,ဇာဂရ,
ZARLI,ဇာလီ,
ZARNE,ဇာနည်,
ZARNEE,ဇာနည်,
ZARNI,ဇာနည်,
ZAT,ဇက်,
ZAUK,ဇောက်,Byee-Thara
ZAUNG,ဇေါင်း,mmaws
ZAW,ဇော်,
ZAWANA,ဇဝန,
ZAWAR,ဇဝါ,
ZAWE,ဇွဲ,
ZAWL,ဇော,
ZAWLTIKA,ဇောတိက,
ZAWW,ဇော်,
ZAY,ဇေ,
ZAYA,ဇေယျ,
ZAYAR,ဇေယျာ,
ZAYYA,ဇေယျ,
ZAYYAR,ဇေယျာ,
ZE,ဇီ,
ZEE,ဇီး,
ZEIK,ဇိတ်,Byee-Thara
ZEIN,ဇိန်း,Byee-Thara
ZEINT,ဇိမ့်,Byee-Thara
ZEN,ဈာန်,
ZET,ဇက်,
ZEW,ဇော,
ZEWL,ဇွဲ,
ZEY,ဇေ,
ZEYA,ဇေယျ,
ZEYAR,ဇေယျာ,
ZEYYA,ဇေယျ,
ZEYYAR,ဇေယျာ,
ZEZA,ဇီဇ,
ZEZAWA,ဇီဇဝါ,
ZEZAWAH,ဇီဇဝါ,
ZEZAWAR,ဇီဇဝါ,
ZHAN,ဇံ,
ZHANG,ဇန်,
ZHAW,ဇော်,
ZHENG,ဇောင်,
ZHI,ဇ္ဈိ,mmaws
ZHU,ဇူ,
ZI,ဇီ,
ZIK,ဇစ်,
ZIN,ဇင်,
ZINC,ဇင်,
ZINE,ဇိုင်,Byee-Thara
ZING,ဇင်း,
ZINN,ဇင်း,
ZINT,ဇင့်,Byee-Thara
ZINTHU,ဇင်သူ,
ZINYAW,ဇင်ယော်,
ZIT,ဇစ်,Byee-Thara
ZIZAWAR,ဇီဇဝါ,
ZLAING,ဇှိုင်,Byee-Thara
ZLAP,ဇလက်,
ZO,ဇို,
ZOE,ဇိုး,Byee-Thara
ZOH,ဇို့,Byee-Thara
ZOHT,ဇို့,Byee-Thara
ZOKE,ဇုတ်,Byee-Thara
ZOM,ဇုံမ်,
ZON,ဇွန်,
ZONE,ဇုန်,Byee-Thara
ZONG,စျွမ်း,Nan OnePay
ZONT,ဇွန့်,Byee-Thara
ZOO,ဇူး,Byee-Thara
ZOON,ဇွန်း,
ZOTHEE,ဇိုသီး,
ZU,ဇူ,
ZUBAIR,ဇူဘဲရား,
ZUE,ဇူး,
ZULY,ဇူလိုင်,
ZUN,ဇွန်,
ZUNE,ဇွန်,
ZUNG,ဇွန်,
ZUNN,ဇွန်း,Byee-Thara
ZUU,ဇူး,
ZWA,ဇွာ,
ZWAL,ဇွဲ,
ZWAM,ဇွမ််,
ZWAN,ဇွမ်,Byee-Thara
ZWE,ဇွဲ,
ZWEL,ဇွဲ,
ZY,ဇိုင်,Byee-Thara
ZYA,ဇ,Byee-Thara
ZYAN,ဈာန်,
ZYAW,ဇော်,Byee-Thara
ZYAWE,ဇွဲ,Byee-Thara
ZYAWT,ဇော့,Byee-Thara
ZYAY,ဇေ,Byee-Thara
ZYE,ဇေး,Byee-Thara
ZYO,ဇိုး,Byee-Thara
ZYU,ဇူ,Byee-Thara
